,val_error,train_error
0,0.66328125,0.8502199053764343
1,0.344921875,0.6784076690673828
2,0.452734375,0.05829548835754395
3,0.417578125,0.1105489730834961
4,0.54765625,0.7767332196235657
5,0.257421875,0.28352320194244385
6,0.46015625,0.5819681882858276
7,0.420703125,0.37055835127830505
8,0.454296875,0.4767186641693115
9,0.44375,0.10251220315694808
10,0.469140625,0.6066657304763794
11,0.5515625,0.5169858932495117
12,0.414453125,0.27118730545043945
13,0.386328125,0.05826511234045029
14,0.346484375,0.3866634368896485
15,0.67109375,0.883231520652771
16,0.44609375,0.4442565441131592
17,0.719921875,0.9001488685607909
18,0.425390625,0.5806446671485901
19,0.396875,0.08191872388124466
20,0.519921875,0.10895603895187378
21,0.661328125,0.8364659547805786
22,0.390234375,0.38387784361839294
23,0.463671875,0.3952628970146179
24,0.405859375,0.6246616244316101
25,0.723046875,0.9000573754310608
26,0.665234375,0.8853453993797302
27,0.40078125,0.022624088451266292
28,0.38671875,0.8131031990051271
29,0.451953125,0.5719696879386902
30,0.566796875,0.8111940026283264
31,0.44609375,0.5915418267250061
32,0.4828125,0.3622186481952667
33,0.583203125,0.6535477638244629
34,0.4265625,0.2694670259952545
35,0.721484375,0.8991948366165161
36,0.45390625,0.5879159569740295
37,0.449609375,0.4611625671386719
38,0.4375,0.6910998225212097
39,0.53046875,0.06287264078855515
40,0.42734375,0.29885849356651306
41,0.5125,0.5827450156211853
42,0.5140625,0.3661439716815949
43,0.514453125,0.2982697486877441
44,0.47734375,0.44907546043396
45,0.561328125,0.32088449597358704
46,0.456640625,0.6276719570159912
47,0.4203125,0.42255061864852905
48,0.401171875,0.0002885298454202712
49,0.384375,0.3362957537174225
50,0.450390625,0.5993216633796692
51,0.625,0.8192767500877379
52,0.540234375,0.7133461833000183
53,0.33125,0.6349961757659912
54,0.401171875,0.6699370741844177
55,0.425390625,0.3521839678287506
56,0.523046875,0.668732762336731
57,0.4484375,0.007312927395105363
58,0.41015625,0.5874946713447571
59,0.48828125,0.11007159948349
60,0.541015625,0.650146484375
61,0.386328125,0.3095076382160187
62,0.546875,0.6660775542259216
63,0.3546875,0.008822159841656685
64,0.716796875,0.9005674123764038
65,0.417578125,0.6127291321754456
66,0.365625,0.6986732482910156
67,0.7296875,0.8995328545570374
68,0.36328125,0.4243012368679047
69,0.503515625,0.3555575311183929
70,0.453515625,0.8770555257797241
71,0.440234375,0.7247507572174072
72,0.340234375,0.12707266211509705
73,0.336328125,0.4924624264240265
74,0.43828125,0.301870733499527
75,0.3640625,0.0613696314394474
76,0.551171875,0.5710231065750122
77,0.412890625,0.3131899833679199
78,0.481640625,0.7848533391952515
79,0.458203125,0.6942207217216492
80,0.3046875,0.44014233350753773
81,0.729296875,0.9007149934768677
82,0.435546875,0.8037483096122742
83,0.426953125,0.21980445086956024
84,0.59140625,0.7777265310287476
85,0.483203125,0.7353106737136841
86,0.731640625,0.9000596404075623
87,0.374609375,0.38924893736839294
88,0.478515625,0.04916805028915405
89,0.439453125,0.36796703934669495
90,0.7125,0.8788607716560364
91,0.326953125,0.43526265025138855
92,0.3921875,0.5123974084854126
93,0.435546875,0.01061447151005268
94,0.50703125,0.4565686881542206
95,0.3578125,0.19694244861602786
96,0.72890625,0.8974131345748901
97,0.398046875,0.0
98,0.441796875,0.6233330965042114
99,0.31015625,0.15272067487239838
100,0.327734375,0.0005770596908405423
101,0.3625,0.22513698041439054
102,0.447265625,0.03705330565571785
103,0.3984375,0.01880389079451561
104,0.40234375,0.2608309686183929
105,0.516015625,0.5702697038650513
106,0.591015625,0.7697610259056091
107,0.419140625,0.4245613515377045
108,0.429296875,0.012376021593809128
109,0.7046875,0.8480620384216309
110,0.409375,0.40526995062828064
111,0.476953125,0.7497749328613281
112,0.405859375,0.3420838415622711
113,0.44921875,0.6118720769882202
114,0.446875,0.010728170163929462
115,0.400390625,0.2622837424278259
116,0.387109375,0.1941175013780594
117,0.719140625,0.8927802443504333
118,0.5046875,0.37451407313346863
119,0.5890625,0.6977103352546692
120,0.496875,0.436826765537262
121,0.6,0.7816826701164246
122,0.450390625,0.7207922935485841
123,0.42265625,0.4680074453353882
124,0.368359375,0.1707446426153183
125,0.45390625,0.3357120454311371
126,0.719140625,0.9000935554504395
127,0.6390625,0.8828152418136597
128,0.385546875,0.005329430103302002
129,0.57421875,0.7411887645721436
130,0.331640625,0.0008655895362608135
131,0.459765625,0.28444018959999084
132,0.690625,0.8983452916145325
133,0.421484375,0.3875816166400909
134,0.428125,0.5107160806655884
135,0.6703125,0.8521652221679688
136,0.416015625,0.7189256548881531
137,0.4421875,0.5752179026603699
138,0.352734375,2.2194602934177965e-05
139,0.6625,0.572848916053772
140,0.47109375,0.5098976492881775
141,0.36015625,0.21884462237358093
142,0.39296875,0.8323790431022644
143,0.546484375,0.6859199404716492
144,0.449609375,0.06647634506225586
145,0.33515625,0.0
146,0.51484375,0.2354933023452759
147,0.53125,0.5218819379806519
148,0.286328125,0.13484856486320496
149,0.45390625,0.002446857513859868
150,0.48515625,0.6758859753608704
151,0.427734375,0.5160436034202576
152,0.50703125,0.6264076232910156
153,0.44296875,0.6801018118858337
154,0.33125,0.0428040437400341
155,0.400390625,0.3468506336212158
156,0.396875,0.3833066523075104
157,0.489453125,0.6569874882698059
158,0.668359375,0.8796496391296387
159,0.446875,0.0021306818816810846
160,0.501953125,0.7440709471702576
161,0.406640625,0.3603235483169556
162,0.5578125,0.6721343398094177
163,0.3671875,0.1138252168893814
164,0.417578125,0.7911363244056702
165,0.555078125,0.5993987321853638
166,0.717578125,0.8992665410041809
167,0.467578125,0.7919883131980896
168,0.471875,2.2194602934177965e-05
169,0.4328125,0.4712868332862854
170,0.520703125,0.8256151080131531
171,0.3765625,0.4776001870632172
172,0.415625,0.3200784921646118
173,0.458984375,0.0726110115647316
174,0.535546875,0.8872234225273132
175,0.519140625,0.7642072439193726
176,0.735546875,0.7498968243598938
177,0.727734375,0.8936100006103516
178,0.48828125,0.8517045974731445
179,0.447265625,0.3780803680419922
180,0.428515625,0.4436599612236023
181,0.454296875,0.8408604860305786
182,0.400390625,0.5643160939216614
183,0.355859375,0.3771548271179199
184,0.676171875,0.8961180448532104
185,0.381640625,0.6404358148574829
186,0.421875,0.2859377562999725
187,0.56171875,0.7372806072235107
188,0.35390625,0.07946602255105972
189,0.55859375,0.5392392873764038
190,0.458203125,0.6949363946914673
191,0.3828125,0.34406423568725586
192,0.487109375,0.3367984294891357
193,0.39140625,0.473894864320755
194,0.33828125,0.083763986825943
195,0.525390625,0.5209435224533081
196,0.58515625,0.787308394908905
197,0.370703125,0.6251280903816223
198,0.482421875,0.3740534484386444
199,0.6390625,0.8042478561401367
200,0.33359375,0.7249263525009155
201,0.435546875,0.5578835606575012
202,0.71484375,0.8795666694641113
203,0.41953125,0.5696918368339539
204,0.45078125,0.2452305108308792
205,0.683984375,0.8984753489494324
206,0.46171875,0.4744793474674225
207,0.45625,0.2832467555999756
208,0.503515625,0.6425777673721313
209,0.60625,0.3607647120952606
210,0.28828125,0.08190976828336716
211,0.6109375,0.8539073467254639
212,0.52421875,0.7179506421089172
213,0.39765625,0.8262645602226257
214,0.409765625,0.4438873827457428
215,0.420703125,0.13494668900966644
216,0.4265625,0.5746642351150513
217,0.346875,0.3744763135910034
218,0.4828125,0.14483924210071564
219,0.458984375,0.11235181242227554
220,0.422265625,0.5779478549957275
221,0.587109375,0.8431013822555542
222,0.41484375,0.5757564306259155
223,0.558203125,0.5902829766273499
224,0.4640625,0.8228108286857605
225,0.528125,0.8761962056159973
226,0.537890625,0.7409142851829529
227,0.42734375,0.7321454286575317
228,0.481640625,0.6743728518486023
229,0.403515625,0.2004016786813736
230,0.412109375,0.7353570461273193
231,0.43828125,0.4854021966457367
232,0.71328125,0.17985844612121582
233,0.565625,0.5304502248764038
234,0.46328125,0.7970346212387085
235,0.470703125,0.6081013679504395
236,0.362109375,0.676915168762207
237,0.7171875,0.8843217492103577
238,0.45703125,0.40074223279953
239,0.6484375,0.8329015374183655
240,0.42890625,0.1801777333021164
241,0.4109375,0.7540421485900879
242,0.416796875,0.24920956790447235
243,0.553515625,0.15523099899291992
244,0.423046875,0.2525971531867981
245,0.487890625,0.6029662489891052
246,0.512109375,0.70179682970047
247,0.51953125,0.8169981837272644
248,0.4453125,0.28328800201416016
249,0.368359375,0.7324448823928833
250,0.685546875,0.8208825588226318
251,0.448046875,0.3872934877872467
252,0.40859375,0.036848101764917374
253,0.40859375,0.19605739414691925
254,0.41171875,0.09516305476427077
255,0.449609375,0.10038658231496812
256,0.431640625,0.00011097301467088982
257,0.34609375,0.00015536221326328814
258,0.505078125,0.09315697848796843
259,0.429296875,0.12898918986320496
260,0.51484375,0.452904224395752
261,0.534765625,0.708480179309845
262,0.4609375,0.6307932138442993
263,0.5578125,0.6983461380004883
264,0.715234375,0.8995600938796997
265,0.457421875,0.2264990508556366
266,0.5234375,0.5959286093711853
267,0.421484375,0.3512350618839264
268,0.61484375,0.7690865993499756
269,0.462890625,0.4742900729179382
270,0.75078125,0.8167991638183594
271,0.550390625,0.7270956039428711
272,0.53984375,0.24660423398017886
273,0.522265625,0.8149928450584412
274,0.5015625,0.16693846881389618
275,0.3359375,0.557557225227356
276,0.603515625,0.8887599110603333
277,0.3296875,0.619458019733429
278,0.3484375,0.00818669330328703
279,0.63203125,0.1276458352804184
280,0.615234375,0.8983842134475708
281,0.316796875,0.2953003644943237
282,0.61796875,0.6195140480995178
283,0.4796875,0.5295683145523071
284,0.72421875,0.7582809329032898
285,0.309375,0.5002496242523193
286,0.441796875,0.4599259197711945
287,0.36953125,0.0005548650515265763
288,0.483203125,0.16117915511131287
289,0.458203125,0.508211612701416
290,0.346484375,0.4677357077598572
291,0.45625,0.5875421762466431
292,0.418359375,0.4992586076259613
293,0.726171875,0.9014443159103394
294,0.4578125,0.5192146897315979
295,0.503125,0.6943192481994629
296,0.365234375,0.1220228150486946
297,0.33125,0.0170536320656538
298,0.760546875,0.9041770100593568
299,0.455859375,0.2787661552429199
300,0.55078125,0.7571607232093811
301,0.440234375,0.10411761701107024
302,0.530078125,0.8172232508659363
303,0.579296875,0.6732888221740723
304,0.440625,0.4751778542995453
305,0.401171875,0.4607276320457458
306,0.40390625,0.5487467646598816
307,0.61171875,0.8704968690872192
308,0.46328125,0.5660110712051392
309,0.5703125,0.3815890848636627
310,0.323046875,0.4814091324806213
311,0.418359375,0.4643839299678802
312,0.43515625,0.3920879065990448
313,0.655859375,0.8231378197669983
314,0.553515625,0.8187265396118164
315,0.3921875,0.033745922148227685
316,0.50390625,0.5355129241943359
317,0.480859375,0.3939588963985443
318,0.312890625,0.296410471200943
319,0.5921875,0.8043363094329834
320,0.46640625,0.7207927107810974
321,0.457421875,0.7299617528915405
322,0.4203125,0.16006436944007876
323,0.444140625,0.7196888327598572
324,0.4140625,0.0829949676990509
325,0.707421875,0.8811619877815247
326,0.38671875,0.4325993061065674
327,0.431640625,0.3544991910457611
328,0.330859375,0.24846623837947845
329,0.47734375,0.4910396337509155
330,0.66015625,0.8525842428207397
331,0.487890625,0.32785946130752563
332,0.44765625,0.5280672311782837
333,0.7046875,0.8413094282150269
334,0.538671875,0.7384210228919983
335,0.47265625,0.6672269701957703
336,0.471484375,0.5091998577117921
337,0.391015625,0.0
338,0.50390625,0.15576951205730438
339,0.3609375,0.31669360399246216
340,0.598046875,0.8746476173400879
341,0.457421875,0.3989752531051636
342,0.541796875,0.6297418475151062
343,0.446484375,0.341398149728775
344,0.33125,0.3037623465061188
345,0.462109375,0.24532394111156464
346,0.73125,0.902332067489624
347,0.725390625,0.9016000628471376
348,0.326171875,0.2490374743938446
349,0.448046875,0.13258199393749234
350,0.481640625,0.756897509098053
351,0.362109375,0.15457333624362946
352,0.44609375,0.4957141280174256
353,0.462109375,0.6179553270339966
354,0.434375,0.1849265992641449
355,0.4171875,0.05601489543914795
356,0.37421875,0.551873505115509
357,0.709375,0.899738073348999
358,0.337109375,0.4950424134731293
359,0.425390625,0.5776324272155762
360,0.40703125,0.40311941504478455
361,0.48984375,0.6019752621650696
362,0.40546875,0.019278543069958687
363,0.361328125,0.44518131017684937
364,0.473828125,0.5807338356971741
365,0.57265625,0.7840671539306641
366,0.492578125,0.8059066534042358
367,0.458203125,0.4514904022216797
368,0.43125,0.84409499168396
369,0.481640625,0.3467276096343994
370,0.565625,0.577404260635376
371,0.46171875,0.5763810276985168
372,0.4453125,0.5869876742362976
373,0.728125,0.9007033109664917
374,0.48125,0.3704894483089447
375,0.551953125,0.5325894951820374
376,0.444921875,0.0705328956246376
377,0.723046875,0.900295615196228
378,0.61171875,0.6604163646697998
379,0.477734375,0.5539796352386475
380,0.42890625,0.6494503021240234
381,0.49140625,0.7046880125999451
382,0.721484375,0.9023461341857909
383,0.7203125,0.8994047045707703
384,0.35546875,0.0903826579451561
385,0.50078125,0.8329167366027832
386,0.344921875,0.0
387,0.416796875,0.4843968152999878
388,0.624609375,0.8341708779335022
389,0.4625,0.4430170953273773
390,0.596875,0.8963340520858765
391,0.481640625,0.36592864990234375
392,0.342578125,0.12745504081249234
393,0.5734375,0.7702550888061523
394,0.416015625,0.3065619766712189
395,0.723828125,0.8991143107414246
396,0.65234375,0.8265585899353027
397,0.48125,0.342374712228775
398,0.44609375,0.5062717199325562
399,0.400390625,0.5684691667556763
400,0.430859375,0.18050169944763186
401,0.498046875,0.5604453086853027
402,0.598828125,0.8258658647537231
403,0.2875,0.21271035075187686
404,0.46484375,0.604917049407959
405,0.7,0.8262860178947449
406,0.484375,0.18650825321674347
407,0.4015625,0.7529242634773254
408,0.3171875,0.1130094677209854
409,0.33359375,0.4177717566490173
410,0.35390625,0.2298457473516464
411,0.411328125,0.27915748953819275
412,0.64140625,0.8031522035598755
413,0.5625,0.7443844676017761
414,0.50390625,0.6414493322372437
415,0.43828125,0.15902043879032135
416,0.639453125,0.7883573174476624
417,0.443359375,0.2268202751874924
418,0.37421875,0.2386056184768677
419,0.271484375,0.2478669881820679
420,0.4984375,0.2762519419193268
421,0.401171875,0.6894570589065552
422,0.591015625,0.7971242070198059
423,0.3953125,0.4750540554523468
424,0.71171875,0.9004039168357849
425,0.439453125,0.5773046016693115
426,0.344140625,0.016071230173110962
427,0.51484375,0.4916680753231049
428,0.56171875,0.8073719143867493
429,0.475,0.10192307084798813
430,0.497265625,0.5535314679145813
431,0.391015625,0.3327668011188507
432,0.396875,0.5105728507041931
433,0.565234375,0.8962512016296387
434,0.56171875,0.5327187776565552
435,0.55859375,0.7178272008895874
436,0.4375,0.2508963644504547
437,0.505078125,0.1944095343351364
438,0.46484375,0.0373028963804245
439,0.296875,0.3639887571334839
440,0.473828125,0.6680455207824707
441,0.3609375,0.09000534564256668
442,0.426953125,0.5626121759414673
443,0.3640625,0.16813696920871735
444,0.642578125,0.8694210052490234
445,0.68984375,0.7374514937400818
446,0.586328125,0.8427298665046692
447,0.510546875,0.00590649014338851
448,0.50078125,0.66409832239151
449,0.39375,0.7144925594329834
450,0.34453125,0.7524411082267761
451,0.580859375,0.7464188933372498
452,0.51015625,0.6534803509712219
453,0.730078125,0.9032397270202636
454,0.471875,0.7713757753372192
455,0.41328125,0.19707560539245605
456,0.384765625,0.015011727809906006
457,0.597265625,0.8381690382957458
458,0.355859375,0.583621084690094
459,0.390625,0.021106678992509842
460,0.608203125,0.5916295051574707
461,0.7,0.5524470210075378
462,0.460546875,0.6589402556419373
463,0.523046875,0.7321691513061523
464,0.61015625,0.7578931450843811
465,0.42265625,0.021286960691213608
466,0.562109375,0.6110314130783081
467,0.378515625,0.0634060874581337
468,0.458984375,0.2416373193264008
469,0.438671875,0.7734145522117615
470,0.327734375,0.1843826323747635
471,0.387109375,0.048302460461854935
472,0.4421875,0.5678501129150391
473,0.6984375,0.9001569747924805
474,0.433203125,0.1987791508436203
475,0.40078125,0.0
476,0.303125,0.6438650488853455
477,0.43046875,0.1799554079771042
478,0.45,0.2605358362197876
479,0.53671875,0.6551566123962402
480,0.30078125,0.12704697251319885
481,0.55625,0.75104820728302
482,0.35546875,0.44499439001083374
483,0.623828125,0.8861023783683777
484,0.529296875,0.8103599548339844
485,0.4234375,0.4025092720985413
486,0.588671875,0.8158479332923889
487,0.440234375,0.4137342870235443
488,0.428515625,0.5184378623962402
489,0.455078125,0.6356775760650635
490,0.520703125,0.002910218434408307
491,0.447265625,0.24391868710517886
492,0.44921875,0.3649080991744995
493,0.548046875,0.8623658418655396
494,0.362109375,0.2580399215221405
495,0.502734375,0.6615872383117676
496,0.444921875,0.5067946910858154
497,0.73046875,0.9000713229179382
498,0.442578125,0.019430790096521374
499,0.417578125,0.4649165868759155
500,0.645703125,0.7049188613891602
501,0.29921875,0.2741193175315857
502,0.3609375,0.3763262331485748
503,0.468359375,0.3488496840000153
504,0.609375,0.8806837797164917
505,0.68515625,0.8520204424858093
506,0.401953125,0.6052970886230469
507,0.695703125,0.8276180028915405
508,0.558203125,0.8456895351409912
509,0.350390625,0.5291399955749512
510,0.457421875,0.002374822506681085
511,0.42890625,0.03410687297582626
512,0.399609375,0.18613913655281067
513,0.70859375,0.8998739123344421
514,0.4546875,0.30320125818252563
515,0.373046875,0.2723550498485565
516,0.396875,0.09826680272817613
517,0.311328125,0.4465534687042236
518,0.305859375,0.1080550104379654
519,0.33671875,0.36217346787452703
520,0.334765625,0.0013094815658405425
521,0.452734375,0.36606764793396
522,0.476171875,0.7129603624343872
523,0.450390625,0.03604637086391449
524,0.38046875,0.021960975602269173
525,0.604296875,0.5580291748046875
526,0.429296875,0.3751717209815979
527,0.591015625,0.7883012890815735
528,0.562109375,0.8662385940551758
529,0.4921875,0.4936297833919525
530,0.425390625,0.4750404357910156
531,0.5140625,0.013849043287336826
532,0.45703125,0.8296937942504883
533,0.556640625,0.7508434057235718
534,0.386328125,0.4890689849853516
535,0.47734375,0.08737003058195114
536,0.361328125,0.5085056424140929
537,0.53828125,0.8878421187400818
538,0.41015625,0.5460693836212158
539,0.703515625,0.7663796544075012
540,0.594140625,0.5315214395523071
541,0.375,0.8107641339302063
542,0.64140625,0.8558967113494873
543,0.4234375,0.4653522968292236
544,0.6859375,0.8521820902824402
545,0.355859375,0.4516029357910156
546,0.43984375,0.06738126277923584
547,0.414453125,0.35257840156555176
548,0.436328125,0.2987518310546875
549,0.45703125,0.02029949426651001
550,0.71796875,0.5045833587646484
551,0.41796875,0.2725213170051575
552,0.36875,0.13948723673820496
553,0.436328125,0.5187345743179321
554,0.536328125,0.6672441363334656
555,0.4109375,0.2870311141014099
556,0.66015625,0.8512296080589294
557,0.467578125,0.4853519797325134
558,0.395703125,0.01184607669711113
559,0.4109375,0.7660463452339172
560,0.350390625,0.10867723822593688
561,0.566796875,0.5266522169113159
562,0.517578125,0.08224853128194809
563,0.469921875,0.6210902333259583
564,0.408203125,0.02399158850312233
565,0.398046875,0.8613114356994629
566,0.712109375,0.6962980628013611
567,0.403515625,0.2462495118379593
568,0.4453125,0.4750295281410217
569,0.41796875,0.7626115679740906
570,0.516796875,0.02792003378272057
571,0.41484375,0.2323642522096634
572,0.46484375,0.7629666924476624
573,0.484765625,0.4565161168575287
574,0.45390625,0.4268851280212401
575,0.402734375,0.5857517719268799
576,0.462890625,0.39085710048675537
577,0.56171875,0.7395884394645691
578,0.47578125,0.6798078417778015
579,0.46484375,0.42850494384765625
580,0.457421875,0.2662040293216705
581,0.559375,0.8866164088249207
582,0.28046875,0.2450704574584961
583,0.39453125,0.015316613018512726
584,0.496484375,0.3332780599594116
585,0.51484375,0.6869077682495117
586,0.515234375,0.5805310010910034
587,0.3328125,0.1986370086669922
588,0.4421875,0.4994420409202576
589,0.340625,0.8697594404220581
590,0.634765625,0.17017574608325958
591,0.388671875,0.4048396944999695
592,0.5671875,0.5650897622108461
593,0.423046875,0.800685465335846
594,0.548828125,0.16069555282592773
595,0.401171875,0.5704227089881897
596,0.562890625,0.7946847677230835
597,0.4546875,0.8212458491325378
598,0.4171875,0.09785327315330504
599,0.353515625,0.35499489307403564
600,0.510546875,0.7169748544692993
601,0.415625,0.09050998091697693
602,0.403515625,0.6350564956665039
603,0.57265625,0.632820725440979
604,0.440625,0.3372586667537689
605,0.60546875,0.7988168597221375
606,0.5671875,0.1162128895521164
607,0.523046875,0.671976625919342
608,0.534765625,0.5161709189414978
609,0.44765625,0.16849832236766815
610,0.417578125,0.6076103448867798
611,0.395703125,0.32721659541130066
612,0.46171875,0.5410596132278442
613,0.29765625,0.2516700625419617
614,0.366015625,0.4443620443344116
615,0.322265625,0.4598535001277924
616,0.444140625,0.475020557641983
617,0.426953125,0.004807662218809128
618,0.470703125,0.5701236724853516
619,0.518359375,0.642092227935791
620,0.435546875,0.42321252822875977
621,0.394921875,0.01324706245213747
622,0.472265625,0.6032438278198242
623,0.418359375,0.0634387955069542
624,0.565625,0.3012181520462036
625,0.35546875,0.5639711022377014
626,0.4671875,0.17831845581531525
627,0.559375,0.7649922966957092
628,0.505859375,0.3735257983207703
629,0.35390625,0.4701961874961853
630,0.56484375,0.7656475901603699
631,0.573046875,0.8892847895622253
632,0.591796875,0.7240599989891052
633,0.685546875,0.8780017495155334
634,0.385546875,0.1893596649169922
635,0.351171875,0.18866385519504547
636,0.63515625,0.7834188342094421
637,0.382421875,0.14748235046863556
638,0.397265625,0.6899335980415344
639,0.52578125,0.5204688906669617
640,0.50546875,0.8127507567405701
641,0.31875,0.0375162772834301
642,0.35703125,0.3622264266014099
643,0.45390625,0.3175592124462128
644,0.428515625,0.006447337567806244
645,0.555078125,0.7692424058914185
646,0.4375,0.06003522872924805
647,0.432421875,0.5212476849555969
648,0.436328125,0.32000336050987244
649,0.43671875,0.5778049230575562
650,0.4796875,0.08330802619457245
651,0.377734375,0.4507984817028046
652,0.373046875,0.002735387533903122
653,0.724609375,0.8998626470565796
654,0.659375,0.8380576968193054
655,0.40390625,0.35276761651039124
656,0.45234375,0.28737378120422363
657,0.657421875,0.8608959913253784
658,0.43359375,0.4724931120872498
659,0.459375,0.4020817279815674
660,0.2859375,0.18518786132335666
661,0.51171875,0.7597348690032959
662,0.47890625,0.3508366942405701
663,0.378125,0.4144059717655182
664,0.729296875,0.8988475203514099
665,0.394140625,0.2574519217014313
666,0.39765625,0.024526983499526974
667,0.4109375,0.2465096265077591
668,0.636328125,0.7642427086830139
669,0.518359375,0.029276629909873012
670,0.37109375,0.2801640331745148
671,0.3890625,0.0642159953713417
672,0.463671875,0.6741466522216797
673,0.45703125,0.3753220140933991
674,0.512109375,0.2326889932155609
675,0.421875,0.10697292536497116
676,0.455859375,0.1364578753709793
677,0.39921875,0.8320737481117249
678,0.442578125,0.39517998695373535
679,0.4546875,0.2326831519603729
680,0.353125,0.04025672748684883
681,0.463671875,0.32482191920280457
682,0.381640625,0.06753116846084595
683,0.68671875,0.634027361869812
684,0.437109375,0.5784003138542175
685,0.380078125,0.8785538673400879
686,0.369140625,0.09822551906108856
687,0.400390625,0.3026390075683594
688,0.425,0.2363923788070679
689,0.3359375,0.06595535576343536
690,0.4734375,0.6928956508636475
691,0.6546875,0.8011465072631836
692,0.329296875,0.3563460409641266
693,0.61015625,0.7497282028198242
694,0.63125,0.8439006805419922
695,0.41796875,0.18959875404834747
696,0.426171875,0.4625499248504639
697,0.564453125,0.7524994015693665
698,0.40625,0.11757610738277435
699,0.38671875,0.38553348183631897
700,0.48125,0.4831433892250061
701,0.715625,0.8677283525466919
702,0.45703125,0.061138734221458435
703,0.459765625,0.5725502967834473
704,0.33359375,0.6985630989074707
705,0.455859375,0.3816440105438232
706,0.39765625,0.6407274007797241
707,0.408984375,0.44692608714103704
708,0.43046875,0.7974618077278137
709,0.527734375,0.7104862332344055
710,0.36640625,0.7219211459159851
711,0.55703125,0.7480573654174805
712,0.4609375,0.3119490444660187
713,0.433984375,0.4739832580089569
714,0.653125,0.8692208528518677
715,0.428515625,0.6294283866882324
716,0.478125,0.06735088676214218
717,0.548046875,0.5478562712669373
718,0.726953125,0.8996438384056091
719,0.451953125,0.09563693404197693
720,0.6046875,0.6806656718254089
721,0.487890625,0.7177271246910095
722,0.32265625,0.0002024770656134933
723,0.721875,0.8865271806716919
724,0.28671875,0.12260882556438445
725,0.72421875,0.9002232551574707
726,0.623046875,0.7996843457221985
727,0.4203125,0.08375191688537598
728,0.515234375,0.7235280871391296
729,0.41015625,0.2885313928127289
730,0.35390625,0.003645366290584207
731,0.366015625,0.11907988786697388
732,0.7140625,0.7572600245475769
733,0.497265625,0.034395404160022736
734,0.441015625,0.003756339428946376
735,0.54921875,0.7087745070457458
736,0.418359375,0.04366612806916237
737,0.4171875,0.014561995863914491
738,0.55859375,0.7447702288627625
739,0.265625,0.11931273341178895
740,0.55234375,0.6652882695198059
741,0.56171875,0.5291711091995239
742,0.46015625,0.614471971988678
743,0.455859375,0.4623953402042389
744,0.369140625,0.015471975319087504
745,0.43515625,0.20761804282665253
746,0.423828125,0.021284235641360283
747,0.433984375,0.07018556445837021
748,0.4921875,0.049206603318452835
749,0.615625,0.5807108879089355
750,0.680078125,0.4984327852725983
751,0.46484375,0.6151962280273438
752,0.36328125,0.0
753,0.446484375,0.5475591421127319
754,0.401953125,0.409530907869339
755,0.47265625,0.03955000638961792
756,0.6546875,0.8939234614372253
757,0.442578125,0.003961541689932346
758,0.336328125,0.08188796043395996
759,0.48828125,0.2820591330528259
760,0.412109375,0.8363822102546692
761,0.5578125,0.6152203679084778
762,0.68125,0.8166106939315796
763,0.469140625,0.4545462429523468
764,0.403515625,0.02222458459436893
765,0.717578125,0.899493932723999
766,0.55859375,0.705389678478241
767,0.419140625,0.16580109298229218
768,0.34296875,0.5016891360282898
769,0.5421875,0.5545663833618164
770,0.379296875,0.5525108575820923
771,0.59765625,0.8172068595886229
772,0.728125,0.900700569152832
773,0.36953125,0.3747336864471436
774,0.429296875,0.18527042865753174
775,0.7015625,0.9013309478759766
776,0.561328125,0.13348884880542755
777,0.41484375,0.22053998708724976
778,0.35234375,0.03925563395023346
779,0.63828125,0.7788856625556946
780,0.449609375,0.7334381937980652
781,0.465234375,0.5308809280395508
782,0.41015625,0.5048329830169678
783,0.437890625,0.4513802230358124
784,0.36015625,0.3413681983947754
785,0.45546875,0.010936099104583263
786,0.39765625,0.3083764910697937
787,0.409765625,0.5605788230895996
788,0.390625,0.13418583571910858
789,0.6140625,0.7673530578613281
790,0.350390625,0.6867263317108154
791,0.298046875,0.2636321783065796
792,0.483984375,0.6109045147895813
793,0.426953125,0.4050787687301636
794,0.4,0.25614479184150696
795,0.4390625,0.1370512843132019
796,0.43359375,0.6537163257598877
797,0.486328125,0.6605740785598755
798,0.41640625,0.13286273181438446
799,0.468359375,0.5899360775947571
800,0.356640625,0.6786350011825562
801,0.332421875,0.17179596424102786
802,0.64609375,0.8879616856575012
803,0.428515625,0.6557776927947998
804,0.41484375,0.018473697826266292
805,0.41640625,0.5971687436103821
806,0.495703125,0.6050116419792175
807,0.371484375,0.000244140625
808,0.440625,0.08865731954574585
809,0.44296875,0.4160818457603455
810,0.48671875,0.5026388168334961
811,0.351171875,0.0
812,0.4265625,0.012864302843809128
813,0.36015625,0.4084126353263855
814,0.48359375,0.3513658940792084
815,0.633203125,0.8604018092155457
816,0.438671875,0.008555824868381023
817,0.53359375,0.6124141216278076
818,0.44921875,0.04078160971403122
819,0.37734375,0.3461980223655701
820,0.621484375,0.5683831572532654
821,0.464453125,0.05076878890395165
822,0.55390625,0.8371068239212036
823,0.384375,0.358820915222168
824,0.73203125,0.8996632695198059
825,0.375,0.10901443660259247
826,0.4125,0.012228837236762049
827,0.386328125,0.2803528904914856
828,0.646875,0.8263790011405945
829,0.42890625,0.2685406804084778
830,0.437109375,0.601749062538147
831,0.461328125,0.6816729903221129
832,0.465234375,0.7257031798362732
833,0.64453125,0.7775897979736328
834,0.373828125,0.3779242336750031
835,0.420703125,0.3647410273551941
836,0.394140625,0.028833124786615368
837,0.361328125,0.1319519728422165
838,0.5453125,0.645376980304718
839,0.434375,0.6465969085693359
840,0.558203125,0.3575936257839203
841,0.621875,0.8407931327819824
842,0.45703125,0.0
843,0.718359375,0.9006227254867554
844,0.483203125,0.3424572646617889
845,0.427734375,0.773392379283905
846,0.340234375,0.2349018454551697
847,0.43203125,0.2189754694700241
848,0.722265625,0.9009007811546326
849,0.721484375,0.901908040046692
850,0.699609375,0.8184547424316406
851,0.680859375,0.8355750441551208
852,0.401171875,0.3482418954372406
853,0.3890625,0.6465665698051453
854,0.718359375,0.9005982279777527
855,0.37734375,0.768634557723999
856,0.643359375,0.7797843813896179
857,0.403515625,0.3358689844608307
858,0.438671875,0.18766197562217712
859,0.42109375,0.5281338095664978
860,0.350390625,0.0
861,0.3875,0.01545834541320801
862,0.433984375,0.38203492760658253
863,0.43828125,0.23218591511249545
864,0.307421875,0.07535729557275772
865,0.407421875,0.8709275126457214
866,0.3484375,0.15661796927452087
867,0.519140625,0.27428245544433594
868,0.43984375,0.041070140898227685
869,0.309375,0.24990539252758026
870,0.495703125,0.0
871,0.72890625,0.8992248177528381
872,0.722265625,0.8992801308631897
873,0.30625,0.4662922620773315
874,0.34609375,0.11950937658548355
875,0.468359375,0.07130152732133865
876,0.516796875,0.0
877,0.412109375,0.7651702165603638
878,0.52109375,0.8440362215042114
879,0.45234375,0.468809187412262
880,0.496484375,0.5227206349372864
881,0.3828125,0.3381355702877045
882,0.393359375,0.021960975602269173
883,0.433984375,0.4585829377174378
884,0.36640625,0.028125623241066933
885,0.71875,0.6840692162513733
886,0.429296875,0.0028214403428137307
887,0.45625,0.5049517750740051
888,0.408203125,0.7562888860702515
889,0.380078125,0.6416292190551758
890,0.417578125,0.2907488942146301
891,0.724609375,0.8987731337547302
892,0.576953125,0.7131273746490479
893,0.436328125,0.12242504209280015
894,0.462109375,0.6597673296928406
895,0.446875,0.378542959690094
896,0.36953125,0.6256464123725891
897,0.546875,0.8434038162231445
898,0.360546875,0.06828851252794266
899,0.46015625,0.6009282469749451
900,0.407421875,0.034792181104421616
901,0.365625,0.5003975629806519
902,0.653125,0.8383567333221436
903,0.378515625,0.7039555907249451
904,0.360546875,0.24787478148937225
905,0.398828125,0.0
906,0.387109375,0.0022665751166641712
907,0.4671875,0.5558571815490723
908,0.399609375,0.36319559812545776
909,0.328515625,0.013407876715064049
910,0.384375,0.3324844837188721
911,0.486328125,0.7619540095329285
912,0.473828125,0.6161801815032959
913,0.378515625,0.5538094639778137
914,0.419140625,0.3947555422782898
915,0.719140625,0.008813982829451561
916,0.616796875,0.8349839448928833
917,0.423828125,0.5189039707183838
918,0.45859375,0.5730510354042053
919,0.4421875,0.8978343605995178
920,0.341015625,0.3701841831207275
921,0.36796875,0.2664477825164795
922,0.438671875,0.8560516238212585
923,0.68125,0.8495631217956543
924,0.54921875,0.620655357837677
925,0.558203125,0.6564774513244629
926,0.415625,0.5462223887443542
927,0.582421875,0.6749865412712097
928,0.651171875,0.8856698274612427
929,0.3140625,0.015949353575706482
930,0.3875,0.33152157068252563
931,0.71015625,0.9002227783203125
932,0.481640625,0.5342427492141724
933,0.45078125,0.213110625743866
934,0.391015625,0.3733825385570526
935,0.725,0.8994693756103516
936,0.40546875,0.4749617576599121
937,0.403125,0.15524813532829285
938,0.34296875,0.5552521347999573
939,0.33046875,0.04342588037252426
940,0.717578125,0.8995636701583862
941,0.454296875,0.7546775937080383
942,0.40078125,0.5003438591957092
943,0.54140625,0.4672746360301971
944,0.471484375,0.3894268870353699
945,0.344921875,0.33963972330093384
946,0.2875,0.2216917723417282
947,0.44921875,0.7083672285079956
948,0.444140625,0.10641493648290634
949,0.417578125,0.6841969490051271
950,0.72578125,0.2485955208539963
951,0.473046875,0.5415615439414978
952,0.471875,0.8408545851707458
953,0.446484375,0.11422783136367798
954,0.716796875,0.9004260897636414
955,0.3875,0.5105919241905212
956,0.297265625,0.08153557777404785
957,0.454296875,0.15561647713184354
958,0.658203125,0.8099632263183594
959,0.4625,0.6552789211273193
960,0.423046875,0.30419260263442993
961,0.444140625,0.3690184056758881
962,0.458203125,0.6321914792060852
963,0.44609375,0.27725380659103394
964,0.401953125,0.20274925231933594
965,0.40859375,0.4567298889160156
966,0.596875,0.8810868263244629
967,0.496875,0.7815766930580139
968,0.4140625,0.5188654065132141
969,0.472265625,0.5963919758796692
970,0.36171875,0.5343093872070312
971,0.34296875,0.24359123408794406
972,0.553515625,0.6538047194480896
973,0.427734375,0.3037732243537903
974,0.500390625,0.387022852897644
975,0.543359375,0.716999351978302
976,0.425390625,0.3788536787033081
977,0.548046875,0.2074915170669556
978,0.4484375,0.058542355895042426
979,0.53359375,0.0072186971083283424
980,0.448046875,6.65838088025339e-05
981,0.4703125,0.2062353789806366
982,0.52578125,0.6496220231056213
983,0.4265625,0.4423178136348725
984,0.44609375,0.02933776192367077
985,0.69765625,0.7316891551017761
986,0.537890625,0.8987638354301453
987,0.434765625,0.30662816762924194
988,0.489453125,0.6538054943084717
989,0.302734375,0.336521178483963
990,0.3640625,0.1045895293354988
991,0.3484375,0.0002690608671400696
992,0.37265625,0.8010931015014648
993,0.6359375,0.8437671661376953
994,0.430859375,0.7322532534599304
995,0.371484375,0.06777803599834442
996,0.424609375,0.4238242506980896
997,0.437109375,0.37347444891929626
998,0.368359375,0.5042309761047363
999,0.3453125,0.06937877088785173
1000,0.414453125,0.2681275308132172
1001,0.5,0.7032005786895752
1002,0.33203125,0.17264246940612793
1003,0.485546875,0.673628032207489
1004,0.57421875,0.5426623225212097
1005,0.497265625,0.6632853150367737
1006,0.45625,0.6519407629966736
1007,0.46171875,0.0066720093600451955
1008,0.5171875,0.4621114730834961
1009,0.7109375,0.9009809494018556
1010,0.446875,0.032844509929418564
1011,0.39140625,0.07008082419633865
1012,0.602734375,0.5664899945259094
1013,0.406640625,0.03710587322711945
1014,0.3828125,0.03149375319480896
1015,0.51640625,0.6065321564674377
1016,0.480078125,0.5188713073730469
1017,0.4296875,0.1821526736021042
1018,0.656640625,0.8627182841300964
1019,0.48046875,0.7160819768905641
1020,0.5234375,0.20190781354904172
1021,0.5984375,0.8068723082542419
1022,0.66171875,0.9004256725311279
1023,0.597265625,0.7835547924041748
1024,0.721484375,0.8896679878234863
1025,0.465234375,0.06358364224433899
1026,0.541796875,0.8067727088928223
1027,0.648046875,0.7307160496711731
1028,0.433984375,0.5672562718391418
1029,0.40859375,0.10973906517028807
1030,0.69921875,0.6641508936882019
1031,0.457421875,0.30491840839385986
1032,0.4921875,0.6592346429824829
1033,0.321875,0.40930041670799255
1034,0.5671875,0.6130106449127197
1035,0.46171875,0.6316443681716919
1036,0.7171875,0.8996520042419434
1037,0.541015625,0.4620900750160217
1038,0.28046875,0.4130489826202393
1039,0.710546875,0.8922257423400879
1040,0.555859375,0.7661237716674805
1041,0.41015625,0.651238739490509
1042,0.5015625,0.6863470673561096
1043,0.444140625,0.4025871157646179
1044,0.36796875,0.1886105090379715
1045,0.597265625,0.8945667147636414
1046,0.4078125,0.09465724974870683
1047,0.512109375,0.5104703903198242
1048,0.427734375,0.4024290144443512
1049,0.508203125,0.041123095899820335
1050,0.533984375,0.7682658433914185
1051,0.4671875,0.15110865235328674
1052,0.64140625,0.8736882209777832
1053,0.4609375,0.4904932975769043
1054,0.4453125,0.2370554804801941
1055,0.3984375,0.5070551633834839
1056,0.3578125,0.4716329574584961
1057,0.4484375,0.013643451035022736
1058,0.45078125,0.7961745262145996
1059,0.361328125,0.5929818153381348
1060,0.4515625,0.5397633910179138
1061,0.392578125,0.04839708283543587
1062,0.626953125,0.5890510082244873
1063,0.67265625,0.8747975826263428
1064,0.559765625,0.8216040730476379
1065,0.50703125,0.4284181296825409
1066,0.558984375,0.7655494809150696
1067,0.361328125,0.7411307692527771
1068,0.460546875,0.20503491163253784
1069,0.340234375,0.021622605621814728
1070,0.453515625,0.09671083837747574
1071,0.7140625,0.8996831178665161
1072,0.41015625,0.7748054265975952
1073,0.41640625,0.6931553483009338
1074,0.5484375,0.7533564567565918
1075,0.384375,0.058916158974170685
1076,0.4484375,0.310368150472641
1077,0.34765625,0.0
1078,0.4921875,0.007534873206168412
1079,0.44453125,0.4332480132579804
1080,0.472265625,0.8421913981437683
1081,0.434765625,0.6328347325325012
1082,0.365625,0.0
1083,0.550390625,0.7750849723815918
1084,0.438671875,0.023164933547377583
1085,0.351171875,0.1244027018547058
1086,0.627734375,0.8333002924919128
1087,0.354296875,0.400825172662735
1088,0.719140625,0.903156042098999
1089,0.635546875,0.7949292659759521
1090,0.438671875,0.5684517025947571
1091,0.332421875,0.4464954733848572
1092,0.532421875,0.5439581871032715
1093,0.516796875,0.4450356364250183
1094,0.467578125,0.29925137758255005
1095,0.530078125,0.5279554724693298
1096,0.416015625,0.16001375019550326
1097,0.600390625,0.7924937605857849
1098,0.6328125,0.8735768795013428
1099,0.475390625,0.7327804565429688
1100,0.437890625,0.6118783354759216
1101,0.419921875,0.16209498047828674
1102,0.52578125,0.7010834813117981
1103,0.727734375,0.8996691703796387
1104,0.5421875,0.8718125820159912
1105,0.37578125,0.5539507865905762
1106,0.630859375,0.5960115194320679
1107,0.38984375,0.7051268219947815
1108,0.383203125,0.020340770483016968
1109,0.559375,0.7640212178230286
1110,0.588671875,0.6520680785179138
1111,0.34296875,0.0324091799557209
1112,0.44296875,0.8406108617782593
1113,0.387109375,0.0
1114,0.427734375,0.6980136036872864
1115,0.5328125,0.6212378740310669
1116,0.409375,0.5343214273452759
1117,0.4921875,0.5402770042419434
1118,0.41953125,0.7124868631362915
1119,0.6984375,0.5838298201560974
1120,0.483203125,0.4206173419952393
1121,0.3796875,0.5386256575584412
1122,0.46484375,0.6972586512565613
1123,0.391796875,0.3230490684509277
1124,0.36640625,0.005373819265514611
1125,0.475390625,0.013152833096683024
1126,0.542578125,0.1526743322610855
1127,0.46015625,0.7956122756004333
1128,0.405859375,0.4286428093910217
1129,0.42734375,0.5509210824966431
1130,0.41328125,0.10547731816768646
1131,0.48125,0.4535229504108429
1132,0.3359375,0.3009412884712219
1133,0.73125,0.9027121663093568
1134,0.4640625,0.30000093579292303
1135,0.453515625,0.5331521034240723
1136,0.393359375,0.12715287506580353
1137,0.444921875,0.07807905972003938
1138,0.347265625,0.2445903569459915
1139,0.55234375,0.35689234733581543
1140,0.55390625,0.8356544375419617
1141,0.724609375,0.90107524394989
1142,0.44765625,0.3538427352905273
1143,0.60546875,0.7945850491523743
1144,0.499609375,0.589227020740509
1145,0.51953125,0.050134103745222085
1146,0.55,0.7722222805023193
1147,0.45390625,0.4640595316886902
1148,0.462890625,0.605158805847168
1149,0.465234375,0.7145614624023438
1150,0.440625,0.6010162234306335
1151,0.5625,0.8884304761886597
1152,0.365234375,0.3410317599773407
1153,0.364453125,0.3822323381900787
1154,0.469921875,0.175191730260849
1155,0.650390625,0.8663468360900879
1156,0.34453125,0.8505836129188538
1157,0.456640625,0.5229285955429077
1158,0.355859375,0.052369531244039536
1159,0.671484375,0.7606744766235352
1160,0.484765625,0.4460480511188507
1161,0.321875,0.4059330523014069
1162,0.4578125,0.029778925701975826
1163,0.4640625,0.30887722969055176
1164,0.547265625,0.7065496444702148
1165,0.42421875,0.3684779107570648
1166,0.418359375,0.2591029107570648
1167,0.7234375,0.8998023271560669
1168,0.457421875,0.7526353597640991
1169,0.37578125,0.4256777167320252
1170,0.364453125,0.03933623433113098
1171,0.541796875,0.7695939540863037
1172,0.513671875,0.8971797823905945
1173,0.6703125,0.8490521907806396
1174,0.3890625,0.03224252536892891
1175,0.3890625,0.0016256573144346476
1176,0.448828125,0.20650792121887207
1177,0.40546875,0.04857463762164116
1178,0.483984375,0.07132605463266373
1179,0.441796875,0.8120086193084717
1180,0.45390625,0.3237756490707397
1181,0.54375,0.7250092625617981
1182,0.410546875,0.0
1183,0.52421875,0.6824603080749512
1184,0.31953125,0.00013589326408691704
1186,0.30703125,0.3385521769523621
1187,0.516015625,0.6249396800994873
1188,0.48515625,0.7611362338066101
1189,0.45546875,0.4811108410358429
1190,0.43984375,0.5932729840278625
1191,0.7203125,0.900101363658905
1192,0.41328125,0.6205832958221436
1193,0.4703125,0.134765625
1194,0.412890625,0.05357932671904564
1195,0.355859375,0.6512749195098877
1196,0.47578125,0.2518110275268555
1197,0.429296875,0.018332352861762047
1198,0.53046875,0.6988258957862854
1199,0.53359375,0.7763329744338989
1200,0.474609375,0.23766253888607025
1201,0.4984375,0.3694431781768799
1202,0.498828125,0.4572438597679138
1203,0.5234375,0.7479362487792969
1204,0.599609375,0.6901925802230835
1205,0.357421875,0.13431277871131894
1206,0.686328125,0.8983203172683716
1207,0.4640625,0.3505894541740417
1208,0.47890625,0.368319034576416
1209,0.44765625,0.7524048686027527
1210,0.281640625,0.18450802564620966
1211,0.581640625,0.8941975831985474
1212,0.46328125,0.4921438992023468
1213,0.55234375,0.7576014995574951
1214,0.482421875,0.5728574991226196
1215,0.415625,0.4243600368499756
1216,0.479296875,0.42419105768203735
1217,0.409375,0.6435344815254211
1218,0.426171875,0.621030330657959
1219,0.698046875,0.27594783902168274
1220,0.46015625,0.2896274924278259
1221,0.722265625,0.886968731880188
1222,0.43203125,6.65838088025339e-05
1223,0.431640625,0.23681601881980896
1224,0.360546875,0.44726407527923584
1225,0.442578125,0.4353591799736023
1226,0.46484375,0.7001789808273315
1227,0.41953125,0.7438104152679443
1228,0.27109375,0.2819516658782959
1229,0.42578125,0.5247715115547179
1230,0.421875,0.31984448432922363
1231,0.427734375,0.530190110206604
1232,0.603125,0.8219946622848511
1233,0.346484375,0.6581245064735413
1234,0.4484375,0.20975106954574585
1235,0.448828125,0.3821054100990296
1236,0.440234375,0.6164566278457642
1237,0.437890625,0.4310557842254639
1238,0.46796875,0.1707497090101242
1239,0.4765625,0.6864498257637024
1240,0.3484375,0.0016034627333283427
1241,0.3859375,0.42781615257263184
1242,0.575,0.6167662143707275
1243,0.408984375,0.5117682218551636
1244,0.45546875,0.6385336518287659
1245,0.290625,0.7259118556976318
1246,0.721484375,0.9010226130485536
1247,0.39140625,0.5472316741943359
1248,0.340234375,0.09875234961509703
1249,0.424609375,0.4432943761348725
1250,0.41484375,0.15752054750919342
1251,0.480859375,0.8201085329055786
1252,0.54375,0.751883864402771
1253,0.73203125,0.899607241153717
1254,0.483984375,0.6878204941749573
1255,0.359375,0.17287492752075195
1256,0.417578125,0.14104358851909635
1257,0.718359375,0.8998109102249146
1258,0.5828125,0.8248767852783203
1259,0.430859375,0.3914847373962401
1260,0.722265625,0.9002816081047058
1261,0.4203125,0.05777410790324211
1262,0.655078125,0.8342152833938599
1263,0.462890625,0.3298075199127197
1264,0.56171875,0.8705198168754578
1265,0.423046875,0.004385964944958687
1266,0.39609375,0.4347354471683502
1267,0.71875,0.5622020959854126
1268,0.458203125,0.16968552768230438
1269,0.426171875,0.21371300518512729
1270,0.456640625,0.5643963217735289
1271,0.678515625,0.8697457313537598
1272,0.302734375,0.6356752514839172
1273,0.386328125,0.3816770613193512
1274,0.484375,0.5185177326202393
1275,0.40703125,0.0
1276,0.498828125,0.7173833250999451
1277,0.741015625,0.8058291673660278
1278,0.359375,0.42162737250328064
1279,0.41484375,0.307283490896225
1280,0.690625,0.6799418330192566
1281,0.5546875,0.6702657341957092
1282,0.33125,0.2787770628929138
1283,0.31015625,0.34873366355896
1284,0.5734375,0.647504985332489
1285,0.377734375,0.07946057617664337
1286,0.496875,0.1264866590499878
1287,0.5359375,0.5529158711433411
1288,0.4859375,0.11943811178207395
1289,0.52265625,0.0
1290,0.365234375,0.007626377046108245
1291,0.458203125,0.02163117192685604
1292,0.492578125,0.6948639750480652
1293,0.359765625,0.1558053344488144
1294,0.43515625,8.877841173671186e-05
1295,0.448828125,0.32811450958251953
1296,0.442578125,0.034333884716033936
1297,0.5875,0.7668644785881042
1298,0.625390625,0.833918571472168
1299,0.427734375,0.061097845435142524
1300,0.546875,0.7551484107971191
1301,0.458984375,0.4472193121910095
1302,0.365625,0.11237166821956636
1303,0.59609375,0.8205582499504089
1304,0.424609375,0.4536705017089844
1305,0.4546875,0.04379696026444435
1306,0.4140625,0.41334331035614014
1307,0.456640625,0.5081559419631958
1308,0.337109375,0.08854322880506517
1309,0.44765625,0.24554745852947235
1310,0.4484375,0.101884126663208
1311,0.56640625,0.4435961246490479
1312,0.659375,0.876911461353302
1313,0.425390625,0.18445543944835666
1314,0.4078125,0.3712214529514313
1315,0.391015625,0.5979872345924377
1316,0.598828125,0.8207688927650452
1317,0.51796875,0.5919744372367859
1318,0.472265625,0.20558665692806244
1319,0.379296875,0.01153535209596157
1320,0.584375,0.7683768272399902
1321,0.344140625,0.4104720652103424
1322,0.45234375,0.5260175466537476
1323,0.71953125,0.9010308384895324
1324,0.409375,0.5948963165283203
1325,0.396484375,0.049736935645341866
1326,0.31328125,0.3276713788509369
1327,0.396484375,0.21463310718536374
1328,0.572265625,0.6680431365966797
1329,0.559375,0.6167159676551819
1330,0.390234375,0.712997317314148
1331,0.58046875,0.2121114730834961
1332,0.491796875,0.5824849009513855
1333,0.7171875,0.8977568745613098
1334,0.651953125,0.22929400205612185
1335,0.458203125,0.03733326867222786
1336,0.494921875,0.7346892356872559
1337,0.707421875,0.901225447654724
1338,0.45078125,0.5488195419311523
1339,0.480859375,0.8905167579650879
1340,0.396484375,0.1793094128370285
1341,0.416796875,0.08495354652404785
1342,0.66015625,0.8678280711174011
1343,0.5484375,0.440733790397644
1344,0.545703125,0.7691858410835266
1345,0.441796875,0.012495172210037708
1346,0.46640625,0.1932215243577957
1347,0.46796875,0.6502240300178528
1348,0.516015625,0.6009998321533203
1349,0.53359375,0.009426865726709366
1350,0.383984375,0.00565962353721261
1351,0.3734375,0.3403460681438446
1352,0.670703125,0.8426246643066406
1353,0.483203125,0.6620502471923828
1354,0.477734375,0.6822106838226318
1355,0.473046875,0.6812757849693298
1356,0.445703125,0.2880150675773621
1357,0.44140625,0.13380815088748932
1358,0.419140625,0.1801302284002304
1359,0.45078125,0.3552670478820801
1360,0.367578125,0.015508186072111131
1361,0.37265625,0.24319443106651306
1362,0.446875,0.3431624472141266
1363,0.497265625,0.8526290059089661
1364,0.384375,0.07827608287334442
1365,0.3578125,0.3984285295009613
1366,0.402734375,0.17637933790683746
1367,0.40390625,0.504061222076416
1368,0.43125,0.3172804117202759
1369,0.445703125,0.10468921065330504
1370,0.316796875,0.35187944769859314
1371,0.724609375,0.8993747234344482
1372,0.341796875,0.0
1373,0.7296875,0.8987197875976562
1374,0.591796875,0.7790830731391907
1375,0.428125,0.5269290804862976
1376,0.467578125,0.5863802433013916
1377,0.423046875,0.7123789787292479
1378,0.448046875,0.008869275450706482
1379,0.500390625,0.04521196335554123
1380,0.4734375,0.6534445285797119
1381,0.380078125,0.19741982221603396
1382,0.325390625,0.4759722352027893
1383,0.43671875,0.6702921986579895
1384,0.311328125,0.21610185503959656
1385,0.303125,0.2774041295051575
1386,0.41484375,0.220310240983963
1387,0.346875,0.3054744303226471
1388,0.40078125,0.4186334311962128
1389,0.575390625,0.7921600341796875
1390,0.72265625,0.902542769908905
1391,0.7296875,0.8983176350593567
1392,0.4203125,0.6818084716796875
1393,0.348046875,0.0001997514336835593
1394,0.457421875,0.22262589633464813
1395,0.577734375,0.8080708384513855
1396,0.43828125,0.6073062419891357
1397,0.67578125,0.6170547604560852
1398,0.63984375,0.8470908999443054
1399,0.405078125,0.2537898123264313
1400,0.357421875,0.3424966037273407
1401,0.70703125,0.8990586400032043
1402,0.552734375,0.6704673767089844
1403,0.46953125,0.06952245533466339
1404,0.3875,0.156196266412735
1405,0.7265625,0.8995717763900757
1406,0.44921875,0.5739789009094238
1407,0.494140625,0.6632043719291687
1408,0.519921875,0.4810049533843994
1409,0.419921875,0.3142549395561218
1410,0.452734375,0.12357410043478012
1411,0.498046875,0.1614890992641449
1412,0.39765625,0.0421241894364357
1413,0.68203125,0.7820093035697937
1414,0.36328125,0.030208801850676537
1415,0.5203125,0.3148736655712128
1416,0.416015625,0.17189915478229525
1417,0.3765625,0.3836777210235596
1418,0.412109375,0.5569949746131897
1419,0.55546875,0.637665331363678
1420,0.529296875,0.6283292174339294
1421,0.517578125,0.15535014867782593
1422,0.565625,0.8857114315032959
1423,0.582421875,0.8411337733268738
1424,0.4484375,0.4590369760990143
1425,0.519140625,0.0673898234963417
1426,0.434375,0.5556941032409668
1427,0.55390625,0.7703318595886229
1428,0.547265625,0.8033347725868225
1429,0.36953125,0.3419027924537659
1430,0.40703125,0.31853187084198
1431,0.484765625,0.012081651948392393
1432,0.32421875,0.4430918693542481
1433,0.428515625,0.2660494446754456
1434,0.426171875,0.012595241889357569
1435,0.49921875,0.5150117874145508
1436,0.657421875,0.8282702565193176
1437,0.45703125,0.1817387491464615
1438,0.5015625,0.6617453098297119
1439,0.467578125,0.8897983431816101
1440,0.48984375,0.6664003729820251
1441,0.565625,0.6013662815093994
1442,0.42734375,0.8370757102966309
1443,0.40859375,0.8208712935447693
1444,0.442578125,0.051690060645341866
1445,0.48671875,0.59549480676651
1446,0.3234375,0.3160460591316223
1447,0.461328125,0.5609226226806641
1448,0.41953125,0.5642849206924438
1449,0.540234375,0.8216621279716492
1450,0.4796875,0.056824803352355964
1451,0.377734375,0.1136305257678032
1452,0.497265625,0.2569519877433777
1453,0.422265625,0.5025165677070618
1454,0.484765625,0.622117817401886
1455,0.339453125,0.4699609577655792
1456,0.28125,0.29136645793914795
1457,0.4140625,0.3263066112995148
1458,0.523828125,0.7638155817985535
1459,0.728515625,0.7777292132377625
1460,0.451953125,0.005262846592813729
1461,0.326953125,0.13081809878349304
1462,0.451953125,0.02610280178487301
1463,0.277734375,0.6954445242881775
1464,0.46171875,0.34178364276885986
1465,0.43984375,0.3139687478542328
1466,0.44140625,0.523199200630188
1467,0.65703125,0.8955989480018616
1468,0.41328125,0.024766061455011368
1469,0.525390625,0.592862606048584
1470,0.457421875,0.7139466404914856
1471,0.45546875,0.26857104897499084
1472,0.52421875,0.6330258846282959
1473,0.696484375,0.8725453615188599
1474,0.475,0.6490395069122314
1475,0.486328125,0.5717898011207581
1476,0.60625,0.730780303478241
1477,0.453125,0.5716196298599243
1478,0.723046875,0.8398694396018982
1479,0.571875,0.8406825065612793
1480,0.5515625,0.7353683114051819
1481,0.72734375,0.8991637229919434
1482,0.68125,0.6844971179962158
1483,0.52265625,0.6084210276603699
1484,0.4078125,0.529434323310852
1485,0.48984375,0.24460944533348086
1486,0.578125,0.8308448195457458
1487,0.426171875,0.8812892436981201
1488,0.3953125,0.4079691469669342
1489,0.651171875,0.8771945834159851
1490,0.721875,0.8995994329452515
1491,0.464453125,0.28652921319007874
1492,0.45,0.1942012161016464
1493,0.401171875,0.05485571175813675
1494,0.475390625,0.32774534821510315
1495,0.460546875,0.41548022627830505
1496,0.337890625,0.28196218609809875
1497,0.45703125,0.5375856161117554
1498,0.45,0.6179137229919434
1499,0.452734375,0.5068009495735168
1500,0.53984375,0.5045051574707031
1501,0.449609375,0.02718761190772057
1502,0.45390625,0.6002347469329834
1503,0.376953125,0.3890565931797028
1504,0.377734375,0.5990003943443298
1505,0.401171875,0.4667057693004608
1506,0.310546875,0.0
1507,0.48671875,0.0843009427189827
1508,0.45234375,0.4044946730136871
1509,0.72109375,0.9043183326721193
1510,0.658984375,0.8538274765014648
1511,0.386328125,0.05991530418395996
1512,0.7171875,0.8999105095863342
1513,0.449609375,0.4124411344528198
1514,0.41796875,0.7097175717353821
1515,0.406640625,0.5418804287910461
1516,0.40703125,0.2363448590040207
1517,0.357421875,0.1429601013660431
1518,0.3625,0.4462291300296784
1519,0.566015625,0.8525289297103882
1520,0.4859375,0.26212021708488464
1521,0.448046875,0.07645067572593689
1522,0.409765625,0.5634504556655884
1523,0.715625,0.8156251907348633
1524,0.35703125,0.16076797246932986
1525,0.569921875,0.7199854850769043
1526,0.434765625,0.27887988090515137
1527,0.381640625,0.5527074933052063
1528,0.429296875,0.4134897589683533
1529,0.343359375,0.8793556094169617
1530,0.45390625,0.0001331676176050678
1531,0.43671875,0.054796919226646416
1532,0.6671875,0.7749444246292114
1533,0.44609375,0.4970387816429138
1534,0.570703125,0.7979726791381836
1535,0.28984375,0.20287851989269254
1536,0.275390625,0.1124744564294815
1537,0.45703125,0.1936521977186203
1538,0.4078125,0.5389807820320129
1539,0.45,0.28025633096694946
1540,0.414453125,0.4107356667518616
1541,0.462890625,0.6149587035179138
1542,0.46640625,0.3423933982849121
1543,0.5859375,0.36784788966178894
1544,0.540234375,0.7469480633735657
1545,0.42890625,0.4661812782287598
1546,0.723046875,0.9002676010131836
1547,0.7140625,0.9008088707923888
1548,0.4484375,0.20994770526885986
1549,0.597265625,0.8194453716278076
1550,0.381640625,0.12759442627429962
1551,0.359375,0.1137893870472908
1552,0.418359375,0.41239166259765625
1553,0.4296875,0.19960501790046686
1554,0.49453125,0.8671703338623047
1555,0.728125,0.9016546010971068
1556,0.431640625,0.2236799448728561
1557,0.444921875,0.15593071281909945
1558,0.459375,0.5161615610122681
1559,0.341796875,0.6193259954452515
1560,0.474609375,0.031506992876529694
1561,0.5265625,0.4850992560386658
1562,0.721484375,0.9004844427108765
1563,0.460546875,0.1797688752412796
1564,0.44453125,0.29158568382263184
1565,0.43515625,0.4645088911056519
1566,0.275390625,0.4658985733985901
1567,0.488671875,0.231367826461792
1568,0.616796875,0.7519675493240356
1569,0.393359375,0.3864547610282898
1570,0.3625,0.08246229588985443
1571,0.453125,0.04898776859045029
1572,0.43828125,0.4282550215721129
1573,0.474609375,0.13524261116981506
1574,0.546875,0.6598424315452576
1575,0.418359375,0.8114549517631531
1576,0.511328125,0.6246534585952759
1577,0.3265625,0.6860939860343933
1578,0.69921875,0.5452147126197815
1579,0.383984375,0.004108726978302002
1580,0.419140625,0.5785062313079834
1581,0.39453125,0.5120030045509338
1582,0.465625,0.3470102846622467
1583,0.68359375,0.8651043772697449
1584,0.4421875,0.6513146162033081
1585,0.46328125,0.8466415405273438
1586,0.66484375,0.7355602383613586
1587,0.41640625,0.15602649748325348
1588,0.455859375,0.6158900856971741
1589,0.555859375,0.8696511387825012
1590,0.4375,0.4413774311542511
1591,0.50078125,0.4458969831466675
1592,0.485546875,0.6428000926971436
1593,0.558984375,0.8326702117919922
1594,0.36640625,2.2194602934177965e-05
1595,0.58828125,0.7160091400146484
1596,0.398828125,0.2707768976688385
1597,0.353515625,0.28572162985801697
1598,0.3109375,0.28271719813346863
1599,0.444921875,0.0169703047722578
1600,0.44921875,0.6719902753829956
1601,0.363671875,0.15461499989032745
1602,0.355078125,0.0
1603,0.512109375,0.6062078475952148
1604,0.475,0.7315146327018738
1605,0.730859375,0.7702940106391907
1606,0.38359375,0.42862918972969055
1607,0.605078125,0.7751402854919434
1608,0.720703125,0.9012870192527772
1609,0.61953125,0.8484276533126831
1610,0.49375,0.6311179399490356
1611,0.502734375,0.5968767404556274
1612,0.445703125,0.3118439018726349
1613,0.613671875,0.32017195224761963
1614,0.533984375,0.7052841186523438
1615,0.42578125,0.4859921038150787
1616,0.461328125,0.4457910358905792
1617,0.525,0.3463588654994965
1618,0.209375,0.19567656517028809
1619,0.414453125,0.7771105766296387
1620,0.403515625,0.430724024772644
1621,0.336328125,0.12281636893749236
1622,0.371875,0.5668233036994934
1623,0.39375,0.12207265943288804
1624,0.57109375,0.457984060049057
1625,0.394140625,0.3055550456047058
1626,0.48046875,0.6047371029853821
1627,0.39921875,0.42296645045280457
1628,0.496875,0.035774197429418564
1629,0.51328125,0.6688032150268555
1630,0.51640625,0.6745582222938538
1631,0.318359375,0.33553919196128845
1632,0.319140625,0.2849584519863129
1633,0.456640625,0.1890910118818283
1634,0.429296875,0.06904780119657516
1635,0.507421875,0.4777450561523438
1636,0.33828125,0.07159511744976044
1637,0.314453125,0.5349308252334595
1638,0.52421875,0.8219985365867615
1639,0.353125,0.5323562622070312
1640,0.308203125,0.16971823573112488
1641,0.455859375,0.4716586768627167
1642,0.631640625,0.8509799838066101
1643,0.4515625,0.03223162516951561
1644,0.42265625,0.4987991750240326
1645,0.534375,0.7838066220283508
1646,0.3734375,0.1212070658802986
1647,0.4484375,0.009809625335037708
1648,0.680859375,0.8995410203933716
1649,0.6734375,0.7054671049118042
1650,0.45546875,0.5506971478462219
1651,0.451953125,0.3909887075424193
1652,0.68046875,0.5694180727005005
1653,0.58984375,0.8342320322990417
1654,0.55390625,0.8171126246452332
1655,0.728125,0.9007866978645324
1656,0.390625,0.3792419135570526
1657,0.327734375,0.4808709919452667
1658,0.429296875,0.003159810556098819
1659,0.397265625,0.06953102350234985
1660,0.541015625,0.5214898586273193
1661,0.425390625,0.7882401943206787
1662,0.280078125,0.41589221358299255
1663,0.374609375,0.0
1664,0.34921875,0.0023553536739200354
1665,0.441796875,0.3124591410160065
1666,0.43203125,0.8452487587928772
1667,0.7203125,0.8883463740348816
1668,0.43984375,0.003467809408903122
1669,0.340625,0.4889883697032929
1670,0.34921875,0.0
1671,0.42734375,0.17976070940494535
1672,0.446484375,0.17071659862995148
1673,0.341015625,0.8863048553466797
1674,0.306640625,0.17100240290164948
1675,0.394140625,0.4496023058891296
1676,0.42734375,0.00431120442226529
1677,0.5921875,0.7251455783843994
1678,0.4078125,0.5153805017471313
1679,0.4234375,0.16471900045871735
1680,0.4453125,0.05918872356414795
1681,0.55859375,0.8067387938499451
1682,0.45625,0.09641101211309433
1683,0.655859375,0.8992692232131958
1684,0.419921875,0.8682228922843933
1685,0.403125,0.4538025259971618
1686,0.516796875,0.5153439044952393
1687,0.42265625,0.45061194896698
1688,0.487109375,0.6406639218330383
1689,0.4578125,0.5895166993141174
1690,0.518359375,0.5025687217712402
1691,0.46796875,0.07094913721084595
1692,0.41953125,0.4717408120632172
1693,0.472265625,0.4588738083839417
1694,0.423828125,0.2180767804384232
1695,0.676953125,0.8451467156410217
1696,0.400390625,0.3170900046825409
1697,0.4421875,0.4113660454750061
1698,0.64453125,0.5555270314216614
1699,0.722265625,0.901363730430603
1700,0.721875,0.7240331172943115
1701,0.4328125,0.10969702154397963
1702,0.440625,0.0
1703,0.446484375,0.620028018951416
1704,0.48828125,0.61460942029953
1705,0.414453125,0.8050527572631836
1706,0.295703125,0.06911516189575195
1707,0.75390625,0.3848586976528168
1708,0.489453125,0.7767133712768555
1709,0.554296875,0.7900464534759521
1710,0.734765625,0.8106675744056702
1711,0.340625,0.2321948707103729
1712,0.596875,0.8103619813919067
1713,0.72265625,0.901072084903717
1714,0.369140625,0.4485984742641449
1715,0.350390625,0.3587484955787659
1716,0.271484375,0.4104327559471129
1717,0.724609375,0.9000849723815918
1718,0.519140625,0.6138088703155518
1719,0.618359375,0.5292404294013977
1720,0.717578125,0.9035224318504332
1721,0.725390625,0.8995605111122131
1722,0.401953125,0.515934944152832
1723,0.548046875,0.7237045168876648
1724,0.41875,0.4746907651424408
1725,0.48984375,0.1250249296426773
1726,0.44296875,0.3225693702697754
1727,0.43203125,0.4845841228961945
1728,0.4328125,0.0629645362496376
1729,0.69609375,0.8989339470863342
1730,0.7203125,0.9007087349891663
1731,0.534375,0.7534098625183105
1732,0.371484375,0.17833246290683746
1733,0.48984375,0.15100857615470886
1734,0.54765625,0.8838992714881897
1735,0.7171875,0.8704115748405457
1736,0.5796875,0.7604533433914185
1737,0.426171875,0.6283373832702637
1738,0.424609375,0.055299218744039536
1739,0.5234375,0.6170076131820679
1740,0.4953125,0.6128693222999573
1741,0.422265625,0.3934160768985748
1742,0.608203125,0.7431278228759766
1743,0.57265625,0.7954035997390747
1744,0.271484375,0.3381269872188568
1745,0.543359375,0.782908022403717
1746,0.501953125,0.7025020122528076
1747,0.42265625,0.22828590869903564
1748,0.53515625,0.6121606230735779
1749,0.42890625,0.531595766544342
1750,0.64609375,0.8095578551292419
1751,0.398828125,0.5464140176773071
1752,0.4125,0.0013538707280531526
1753,0.448828125,0.20827220380306244
1754,0.38828125,0.6383962035179138
1755,0.5625,0.6652594804763794
1756,0.44296875,0.2256980836391449
1757,0.534765625,0.5245270133018494
1758,0.41484375,0.6518823504447937
1759,0.58671875,0.706673800945282
1760,0.362890625,0.4401256144046784
1761,0.49140625,0.5876636505126953
1762,0.36484375,0.002510715974494815
1763,0.54453125,0.769902765750885
1764,0.4125,0.7209235429763794
1765,0.3375,0.7295950055122375
1766,0.475390625,0.02239941619336605
1767,0.45,0.33315619826316833
1768,0.434375,0.14561255276203156
1769,0.483203125,0.6867325901985168
1770,0.614453125,0.8171706199645996
1771,0.462890625,0.612396240234375
1772,0.4015625,0.5376961827278137
1773,0.42734375,0.3870263695716858
1774,0.42578125,0.0959005355834961
1775,0.7203125,0.899463951587677
1776,0.417578125,0.3792742192745209
1777,0.590625,0.6786350011825562
1778,0.46875,0.4319692552089691
1779,0.415234375,0.5192649364471436
1780,0.54375,0.7766717076301575
1781,0.521484375,0.4948832094669342
1782,0.33046875,0.17793335020542145
1783,0.417578125,0.8241370320320129
1784,0.36875,0.032849568873643875
1785,0.676171875,0.8056991100311279
1786,0.43984375,0.5111977458000183
1787,0.3734375,0.21633079648017886
1788,0.391015625,0.16136488318443298
1789,0.581640625,0.6748506426811218
1790,0.448828125,0.4384754002094269
1791,0.486328125,0.6513975858688354
1792,0.393359375,0.521486759185791
1793,0.592578125,0.8204939961433411
1794,0.586328125,0.4478719234466553
1795,0.538671875,0.2767830491065979
1796,0.420703125,0.5051020383834839
1797,0.44609375,0.4686203598976135
1798,0.44765625,0.01336893904954195
1799,0.528515625,0.7896636724472046
1800,0.710546875,0.8993245363235474
1801,0.51171875,0.6921515464782715
1802,0.39140625,0.4333145916461945
1803,0.355078125,0.8867791295051575
1804,0.505078125,0.7487010359764099
1805,0.342578125,0.10082501918077467
1806,0.3609375,0.491544246673584
1807,0.6640625,0.8348725438117981
1808,0.4890625,0.4878681600093842
1809,0.439453125,0.0011704732896760106
1810,0.462109375,0.8241864442825317
1811,0.42421875,0.04114801809191704
1812,0.499609375,0.7385916709899902
1813,0.391796875,0.04026295617222786
1814,0.368359375,0.0
1815,0.441796875,0.2951816022396088
1816,0.396484375,0.3977576792240143
1817,0.44921875,0.009601697325706482
1818,0.458203125,0.4377025067806244
1819,0.275,0.3872787058353424
1820,0.369921875,0.5724393129348755
1821,0.554296875,0.7191947102546692
1822,0.35859375,0.3687380254268646
1823,0.598046875,0.7940578460693359
1824,0.38359375,0.2928865849971771
1825,0.435546875,0.1315828561782837
1826,0.538671875,0.4876162111759186
1827,0.28984375,0.4839615225791931
1828,0.330078125,0.6104208827018738
1829,0.40703125,0.5858821868896484
1830,0.499609375,0.2906145751476288
1831,0.55390625,0.3396015763282776
1832,0.332421875,0.3624877035617829
1833,0.434765625,0.02820856310427189
1834,0.728515625,0.8984145522117615
1835,0.727734375,0.9002431035041809
1836,0.440625,0.2772016525268555
1837,0.448046875,2.2194602934177965e-05
1838,0.46328125,0.3508308827877045
1839,0.453125,0.03273080661892891
1840,0.495703125,0.6904176473617554
1841,0.403515625,0.7962438464164734
1842,0.583203125,0.8548668622970581
1843,0.554296875,0.8577216863632202
1844,0.610546875,0.5238121151924133
1845,0.471484375,0.4977424144744873
1846,0.495703125,0.6963236927986145
1847,0.55625,0.7187811732292175
1848,0.468359375,0.05255292356014252
1849,0.389453125,0.3865073621273041
1850,0.50703125,0.4584575593471527
1851,0.514453125,0.7244906425476074
1852,0.4328125,0.571843147277832
1853,0.54140625,0.7242352366447449
1854,0.379296875,0.3837057650089264
1855,0.723046875,0.8996379375457764
1856,0.575390625,0.5803098678588867
1857,0.477734375,0.07348749786615373
1858,0.3921875,0.4809547066688538
1859,0.428125,0.32748836278915405
1860,0.4953125,0.3490603566169739
1861,0.35703125,0.4695692658424378
1862,0.4515625,0.22382788360118866
1863,0.34921875,0.2703131437301636
1864,0.471875,4.438920586835593e-05
1865,0.428125,0.6311700940132141
1866,0.421484375,0.22533167898654935
1867,0.6203125,0.8181721568107605
1868,0.470703125,0.3324428498744965
1869,0.396875,0.5569891333580017
1870,0.56484375,0.6619400382041931
1871,0.603125,0.8139886260032654
1872,0.452734375,0.07294626533985138
1873,0.573046875,0.782699704170227
1874,0.52265625,0.10287276655435562
1875,0.3578125,0.2602729797363281
1876,0.522265625,0.16803495585918427
1877,0.581640625,0.7788300514221191
