,train_error,val_error
0,0.8502199053764343,0.66328125
1,0.6784076690673828,0.344921875
2,0.05829548835754395,0.452734375
3,0.1105489730834961,0.417578125
4,0.7767332196235657,0.54765625
5,0.28352320194244385,0.257421875
6,0.5819681882858276,0.46015625
7,0.37055835127830505,0.420703125
8,0.4767186641693115,0.454296875
9,0.10251220315694808,0.44375
10,0.6066657304763794,0.469140625
11,0.5169858932495117,0.5515625
12,0.27118730545043945,0.414453125
13,0.05826511234045029,0.386328125
14,0.3866634368896485,0.346484375
15,0.883231520652771,0.67109375
16,0.4442565441131592,0.44609375
17,0.9001488685607909,0.719921875
18,0.5806446671485901,0.425390625
19,0.08191872388124466,0.396875
20,0.10895603895187378,0.519921875
21,0.8364659547805786,0.661328125
22,0.38387784361839294,0.390234375
23,0.3952628970146179,0.463671875
24,0.6246616244316101,0.405859375
25,0.9000573754310608,0.723046875
26,0.8853453993797302,0.665234375
27,0.022624088451266292,0.40078125
28,0.8131031990051271,0.38671875
29,0.5719696879386902,0.451953125
30,0.8111940026283264,0.566796875
31,0.5915418267250061,0.44609375
32,0.3622186481952667,0.4828125
33,0.6535477638244629,0.583203125
34,0.2694670259952545,0.4265625
35,0.8991948366165161,0.721484375
36,0.5879159569740295,0.45390625
37,0.4611625671386719,0.449609375
38,0.6910998225212097,0.4375
39,0.06287264078855515,0.53046875
40,0.29885849356651306,0.42734375
41,0.5827450156211853,0.5125
42,0.3661439716815949,0.5140625
43,0.2982697486877441,0.514453125
44,0.44907546043396,0.47734375
45,0.32088449597358704,0.561328125
46,0.6276719570159912,0.456640625
47,0.42255061864852905,0.4203125
48,0.0002885298454202712,0.401171875
49,0.3362957537174225,0.384375
50,0.5993216633796692,0.450390625
51,0.8192767500877379,0.625
52,0.7133461833000183,0.540234375
53,0.6349961757659912,0.33125
54,0.6699370741844177,0.401171875
55,0.3521839678287506,0.425390625
56,0.668732762336731,0.523046875
57,0.007312927395105363,0.4484375
58,0.5874946713447571,0.41015625
59,0.11007159948349,0.48828125
60,0.650146484375,0.541015625
61,0.3095076382160187,0.386328125
62,0.6660775542259216,0.546875
63,0.008822159841656685,0.3546875
64,0.9005674123764038,0.716796875
65,0.6127291321754456,0.417578125
66,0.6986732482910156,0.365625
67,0.8995328545570374,0.7296875
68,0.4243012368679047,0.36328125
69,0.3555575311183929,0.503515625
70,0.8770555257797241,0.453515625
71,0.7247507572174072,0.440234375
72,0.12707266211509705,0.340234375
73,0.4924624264240265,0.336328125
74,0.301870733499527,0.43828125
75,0.0613696314394474,0.3640625
76,0.5710231065750122,0.551171875
77,0.3131899833679199,0.412890625
78,0.7848533391952515,0.481640625
79,0.6942207217216492,0.458203125
80,0.44014233350753773,0.3046875
81,0.9007149934768677,0.729296875
82,0.8037483096122742,0.435546875
83,0.21980445086956024,0.426953125
84,0.7777265310287476,0.59140625
85,0.7353106737136841,0.483203125
86,0.9000596404075623,0.731640625
87,0.38924893736839294,0.374609375
88,0.04916805028915405,0.478515625
89,0.36796703934669495,0.439453125
90,0.8788607716560364,0.7125
91,0.43526265025138855,0.326953125
92,0.5123974084854126,0.3921875
93,0.01061447151005268,0.435546875
94,0.4565686881542206,0.50703125
95,0.19694244861602786,0.3578125
96,0.8974131345748901,0.72890625
97,0.0,0.398046875
98,0.6233330965042114,0.441796875
99,0.15272067487239838,0.31015625
100,0.0005770596908405423,0.327734375
101,0.22513698041439054,0.3625
102,0.03705330565571785,0.447265625
103,0.01880389079451561,0.3984375
104,0.2608309686183929,0.40234375
105,0.5702697038650513,0.516015625
106,0.7697610259056091,0.591015625
107,0.4245613515377045,0.419140625
108,0.012376021593809128,0.429296875
109,0.8480620384216309,0.7046875
110,0.40526995062828064,0.409375
111,0.7497749328613281,0.476953125
112,0.3420838415622711,0.405859375
113,0.6118720769882202,0.44921875
114,0.010728170163929462,0.446875
115,0.2622837424278259,0.400390625
116,0.1941175013780594,0.387109375
117,0.8927802443504333,0.719140625
118,0.37451407313346863,0.5046875
119,0.6977103352546692,0.5890625
120,0.436826765537262,0.496875
121,0.7816826701164246,0.6
122,0.7207922935485841,0.450390625
123,0.4680074453353882,0.42265625
124,0.1707446426153183,0.368359375
125,0.3357120454311371,0.45390625
126,0.9000935554504395,0.719140625
127,0.8828152418136597,0.6390625
128,0.005329430103302002,0.385546875
129,0.7411887645721436,0.57421875
130,0.0008655895362608135,0.331640625
131,0.28444018959999084,0.459765625
132,0.8983452916145325,0.690625
133,0.3875816166400909,0.421484375
134,0.5107160806655884,0.428125
135,0.8521652221679688,0.6703125
136,0.7189256548881531,0.416015625
137,0.5752179026603699,0.4421875
138,2.2194602934177965e-05,0.352734375
139,0.572848916053772,0.6625
140,0.5098976492881775,0.47109375
141,0.21884462237358093,0.36015625
142,0.8323790431022644,0.39296875
143,0.6859199404716492,0.546484375
144,0.06647634506225586,0.449609375
145,0.0,0.33515625
146,0.2354933023452759,0.51484375
147,0.5218819379806519,0.53125
148,0.13484856486320496,0.286328125
149,0.002446857513859868,0.45390625
150,0.6758859753608704,0.48515625
151,0.5160436034202576,0.427734375
152,0.6264076232910156,0.50703125
153,0.6801018118858337,0.44296875
154,0.0428040437400341,0.33125
155,0.3468506336212158,0.400390625
156,0.3833066523075104,0.396875
157,0.6569874882698059,0.489453125
158,0.8796496391296387,0.668359375
159,0.0021306818816810846,0.446875
160,0.7440709471702576,0.501953125
161,0.3603235483169556,0.406640625
162,0.6721343398094177,0.5578125
163,0.1138252168893814,0.3671875
164,0.7911363244056702,0.417578125
165,0.5993987321853638,0.555078125
166,0.8992665410041809,0.717578125
167,0.7919883131980896,0.467578125
168,2.2194602934177965e-05,0.471875
169,0.4712868332862854,0.4328125
170,0.8256151080131531,0.520703125
171,0.4776001870632172,0.3765625
172,0.3200784921646118,0.415625
173,0.0726110115647316,0.458984375
174,0.8872234225273132,0.535546875
175,0.7642072439193726,0.519140625
176,0.7498968243598938,0.735546875
177,0.8936100006103516,0.727734375
178,0.8517045974731445,0.48828125
179,0.3780803680419922,0.447265625
180,0.4436599612236023,0.428515625
181,0.8408604860305786,0.454296875
182,0.5643160939216614,0.400390625
183,0.3771548271179199,0.355859375
184,0.8961180448532104,0.676171875
185,0.6404358148574829,0.381640625
186,0.2859377562999725,0.421875
187,0.7372806072235107,0.56171875
188,0.07946602255105972,0.35390625
189,0.5392392873764038,0.55859375
190,0.6949363946914673,0.458203125
191,0.34406423568725586,0.3828125
192,0.3367984294891357,0.487109375
193,0.473894864320755,0.39140625
194,0.083763986825943,0.33828125
195,0.5209435224533081,0.525390625
196,0.787308394908905,0.58515625
197,0.6251280903816223,0.370703125
198,0.3740534484386444,0.482421875
199,0.8042478561401367,0.6390625
200,0.7249263525009155,0.33359375
201,0.5578835606575012,0.435546875
202,0.8795666694641113,0.71484375
203,0.5696918368339539,0.41953125
204,0.2452305108308792,0.45078125
205,0.8984753489494324,0.683984375
206,0.4744793474674225,0.46171875
207,0.2832467555999756,0.45625
208,0.6425777673721313,0.503515625
209,0.3607647120952606,0.60625
210,0.08190976828336716,0.28828125
211,0.8539073467254639,0.6109375
212,0.7179506421089172,0.52421875
213,0.8262645602226257,0.39765625
214,0.4438873827457428,0.409765625
215,0.13494668900966644,0.420703125
216,0.5746642351150513,0.4265625
217,0.3744763135910034,0.346875
218,0.14483924210071564,0.4828125
219,0.11235181242227554,0.458984375
220,0.5779478549957275,0.422265625
221,0.8431013822555542,0.587109375
222,0.5757564306259155,0.41484375
223,0.5902829766273499,0.558203125
224,0.8228108286857605,0.4640625
225,0.8761962056159973,0.528125
226,0.7409142851829529,0.537890625
227,0.7321454286575317,0.42734375
228,0.6743728518486023,0.481640625
229,0.2004016786813736,0.403515625
230,0.7353570461273193,0.412109375
231,0.4854021966457367,0.43828125
232,0.17985844612121582,0.71328125
233,0.5304502248764038,0.565625
234,0.7970346212387085,0.46328125
235,0.6081013679504395,0.470703125
236,0.676915168762207,0.362109375
237,0.8843217492103577,0.7171875
238,0.40074223279953,0.45703125
239,0.8329015374183655,0.6484375
240,0.1801777333021164,0.42890625
241,0.7540421485900879,0.4109375
242,0.24920956790447235,0.416796875
243,0.15523099899291992,0.553515625
244,0.2525971531867981,0.423046875
245,0.6029662489891052,0.487890625
246,0.70179682970047,0.512109375
247,0.8169981837272644,0.51953125
248,0.28328800201416016,0.4453125
249,0.7324448823928833,0.368359375
250,0.8208825588226318,0.685546875
251,0.3872934877872467,0.448046875
252,0.036848101764917374,0.40859375
253,0.19605739414691925,0.40859375
254,0.09516305476427077,0.41171875
255,0.10038658231496812,0.449609375
256,0.00011097301467088982,0.431640625
257,0.00015536221326328814,0.34609375
258,0.09315697848796843,0.505078125
259,0.12898918986320496,0.429296875
260,0.452904224395752,0.51484375
261,0.708480179309845,0.534765625
262,0.6307932138442993,0.4609375
263,0.6983461380004883,0.5578125
264,0.8995600938796997,0.715234375
265,0.2264990508556366,0.457421875
266,0.5959286093711853,0.5234375
267,0.3512350618839264,0.421484375
268,0.7690865993499756,0.61484375
269,0.4742900729179382,0.462890625
270,0.8167991638183594,0.75078125
271,0.7270956039428711,0.550390625
272,0.24660423398017886,0.53984375
273,0.8149928450584412,0.522265625
274,0.16693846881389618,0.5015625
275,0.557557225227356,0.3359375
276,0.8887599110603333,0.603515625
277,0.619458019733429,0.3296875
278,0.00818669330328703,0.3484375
279,0.1276458352804184,0.63203125
280,0.8983842134475708,0.615234375
281,0.2953003644943237,0.316796875
282,0.6195140480995178,0.61796875
283,0.5295683145523071,0.4796875
284,0.7582809329032898,0.72421875
285,0.5002496242523193,0.309375
286,0.4599259197711945,0.441796875
287,0.0005548650515265763,0.36953125
288,0.16117915511131287,0.483203125
289,0.508211612701416,0.458203125
290,0.4677357077598572,0.346484375
291,0.5875421762466431,0.45625
292,0.4992586076259613,0.418359375
293,0.9014443159103394,0.726171875
294,0.5192146897315979,0.4578125
295,0.6943192481994629,0.503125
296,0.1220228150486946,0.365234375
297,0.0170536320656538,0.33125
298,0.9041770100593568,0.760546875
299,0.2787661552429199,0.455859375
300,0.7571607232093811,0.55078125
301,0.10411761701107024,0.440234375
302,0.8172232508659363,0.530078125
303,0.6732888221740723,0.579296875
304,0.4751778542995453,0.440625
305,0.4607276320457458,0.401171875
306,0.5487467646598816,0.40390625
307,0.8704968690872192,0.61171875
308,0.5660110712051392,0.46328125
309,0.3815890848636627,0.5703125
310,0.4814091324806213,0.323046875
311,0.4643839299678802,0.418359375
312,0.3920879065990448,0.43515625
313,0.8231378197669983,0.655859375
314,0.8187265396118164,0.553515625
315,0.033745922148227685,0.3921875
316,0.5355129241943359,0.50390625
317,0.3939588963985443,0.480859375
318,0.296410471200943,0.312890625
319,0.8043363094329834,0.5921875
320,0.7207927107810974,0.46640625
321,0.7299617528915405,0.457421875
322,0.16006436944007876,0.4203125
323,0.7196888327598572,0.444140625
324,0.0829949676990509,0.4140625
325,0.8811619877815247,0.707421875
326,0.4325993061065674,0.38671875
327,0.3544991910457611,0.431640625
328,0.24846623837947845,0.330859375
329,0.4910396337509155,0.47734375
330,0.8525842428207397,0.66015625
331,0.32785946130752563,0.487890625
332,0.5280672311782837,0.44765625
333,0.8413094282150269,0.7046875
334,0.7384210228919983,0.538671875
335,0.6672269701957703,0.47265625
336,0.5091998577117921,0.471484375
337,0.0,0.391015625
338,0.15576951205730438,0.50390625
339,0.31669360399246216,0.3609375
340,0.8746476173400879,0.598046875
341,0.3989752531051636,0.457421875
342,0.6297418475151062,0.541796875
343,0.341398149728775,0.446484375
344,0.3037623465061188,0.33125
345,0.24532394111156464,0.462109375
346,0.902332067489624,0.73125
347,0.9016000628471376,0.725390625
348,0.2490374743938446,0.326171875
349,0.13258199393749234,0.448046875
350,0.756897509098053,0.481640625
351,0.15457333624362946,0.362109375
352,0.4957141280174256,0.44609375
353,0.6179553270339966,0.462109375
354,0.1849265992641449,0.434375
355,0.05601489543914795,0.4171875
356,0.551873505115509,0.37421875
357,0.899738073348999,0.709375
358,0.4950424134731293,0.337109375
359,0.5776324272155762,0.425390625
360,0.40311941504478455,0.40703125
361,0.6019752621650696,0.48984375
362,0.019278543069958687,0.40546875
363,0.44518131017684937,0.361328125
364,0.5807338356971741,0.473828125
365,0.7840671539306641,0.57265625
366,0.8059066534042358,0.492578125
367,0.4514904022216797,0.458203125
368,0.84409499168396,0.43125
369,0.3467276096343994,0.481640625
370,0.577404260635376,0.565625
371,0.5763810276985168,0.46171875
372,0.5869876742362976,0.4453125
373,0.9007033109664917,0.728125
374,0.3704894483089447,0.48125
375,0.5325894951820374,0.551953125
376,0.0705328956246376,0.444921875
377,0.900295615196228,0.723046875
378,0.6604163646697998,0.61171875
379,0.5539796352386475,0.477734375
380,0.6494503021240234,0.42890625
381,0.7046880125999451,0.49140625
382,0.9023461341857909,0.721484375
383,0.8994047045707703,0.7203125
384,0.0903826579451561,0.35546875
385,0.8329167366027832,0.50078125
386,0.0,0.344921875
387,0.4843968152999878,0.416796875
388,0.8341708779335022,0.624609375
389,0.4430170953273773,0.4625
390,0.8963340520858765,0.596875
391,0.36592864990234375,0.481640625
392,0.12745504081249234,0.342578125
393,0.7702550888061523,0.5734375
394,0.3065619766712189,0.416015625
395,0.8991143107414246,0.723828125
396,0.8265585899353027,0.65234375
397,0.342374712228775,0.48125
398,0.5062717199325562,0.44609375
399,0.5684691667556763,0.400390625
400,0.18050169944763186,0.430859375
401,0.5604453086853027,0.498046875
402,0.8258658647537231,0.598828125
403,0.21271035075187686,0.2875
404,0.604917049407959,0.46484375
405,0.8262860178947449,0.7
406,0.18650825321674347,0.484375
407,0.7529242634773254,0.4015625
408,0.1130094677209854,0.3171875
409,0.4177717566490173,0.33359375
410,0.2298457473516464,0.35390625
411,0.27915748953819275,0.411328125
412,0.8031522035598755,0.64140625
413,0.7443844676017761,0.5625
414,0.6414493322372437,0.50390625
415,0.15902043879032135,0.43828125
416,0.7883573174476624,0.639453125
417,0.2268202751874924,0.443359375
418,0.2386056184768677,0.37421875
419,0.2478669881820679,0.271484375
420,0.2762519419193268,0.4984375
421,0.6894570589065552,0.401171875
422,0.7971242070198059,0.591015625
423,0.4750540554523468,0.3953125
424,0.9004039168357849,0.71171875
425,0.5773046016693115,0.439453125
426,0.016071230173110962,0.344140625
427,0.4916680753231049,0.51484375
428,0.8073719143867493,0.56171875
429,0.10192307084798813,0.475
430,0.5535314679145813,0.497265625
431,0.3327668011188507,0.391015625
432,0.5105728507041931,0.396875
433,0.8962512016296387,0.565234375
434,0.5327187776565552,0.56171875
435,0.7178272008895874,0.55859375
436,0.2508963644504547,0.4375
437,0.1944095343351364,0.505078125
438,0.0373028963804245,0.46484375
439,0.3639887571334839,0.296875
440,0.6680455207824707,0.473828125
441,0.09000534564256668,0.3609375
442,0.5626121759414673,0.426953125
443,0.16813696920871735,0.3640625
444,0.8694210052490234,0.642578125
445,0.7374514937400818,0.68984375
446,0.8427298665046692,0.586328125
447,0.00590649014338851,0.510546875
448,0.66409832239151,0.50078125
449,0.7144925594329834,0.39375
450,0.7524411082267761,0.34453125
451,0.7464188933372498,0.580859375
452,0.6534803509712219,0.51015625
453,0.9032397270202636,0.730078125
454,0.7713757753372192,0.471875
455,0.19707560539245605,0.41328125
456,0.015011727809906006,0.384765625
457,0.8381690382957458,0.597265625
458,0.583621084690094,0.355859375
459,0.021106678992509842,0.390625
460,0.5916295051574707,0.608203125
461,0.5524470210075378,0.7
462,0.6589402556419373,0.460546875
463,0.7321691513061523,0.523046875
464,0.7578931450843811,0.61015625
465,0.021286960691213608,0.42265625
466,0.6110314130783081,0.562109375
467,0.0634060874581337,0.378515625
468,0.2416373193264008,0.458984375
469,0.7734145522117615,0.438671875
470,0.1843826323747635,0.327734375
471,0.048302460461854935,0.387109375
472,0.5678501129150391,0.4421875
473,0.9001569747924805,0.6984375
474,0.1987791508436203,0.433203125
475,0.0,0.40078125
476,0.6438650488853455,0.303125
477,0.1799554079771042,0.43046875
478,0.2605358362197876,0.45
479,0.6551566123962402,0.53671875
480,0.12704697251319885,0.30078125
481,0.75104820728302,0.55625
482,0.44499439001083374,0.35546875
483,0.8861023783683777,0.623828125
484,0.8103599548339844,0.529296875
485,0.4025092720985413,0.4234375
486,0.8158479332923889,0.588671875
487,0.4137342870235443,0.440234375
488,0.5184378623962402,0.428515625
489,0.6356775760650635,0.455078125
490,0.002910218434408307,0.520703125
491,0.24391868710517886,0.447265625
492,0.3649080991744995,0.44921875
493,0.8623658418655396,0.548046875
494,0.2580399215221405,0.362109375
495,0.6615872383117676,0.502734375
496,0.5067946910858154,0.444921875
497,0.9000713229179382,0.73046875
498,0.019430790096521374,0.442578125
499,0.4649165868759155,0.417578125
500,0.7049188613891602,0.645703125
501,0.2741193175315857,0.29921875
502,0.3763262331485748,0.3609375
503,0.3488496840000153,0.468359375
504,0.8806837797164917,0.609375
505,0.8520204424858093,0.68515625
506,0.6052970886230469,0.401953125
507,0.8276180028915405,0.695703125
508,0.8456895351409912,0.558203125
509,0.5291399955749512,0.350390625
510,0.002374822506681085,0.457421875
511,0.03410687297582626,0.42890625
512,0.18613913655281067,0.399609375
513,0.8998739123344421,0.70859375
514,0.30320125818252563,0.4546875
515,0.2723550498485565,0.373046875
516,0.09826680272817613,0.396875
517,0.4465534687042236,0.311328125
518,0.1080550104379654,0.305859375
519,0.36217346787452703,0.33671875
520,0.0013094815658405425,0.334765625
521,0.36606764793396,0.452734375
522,0.7129603624343872,0.476171875
523,0.03604637086391449,0.450390625
524,0.021960975602269173,0.38046875
525,0.5580291748046875,0.604296875
526,0.3751717209815979,0.429296875
527,0.7883012890815735,0.591015625
528,0.8662385940551758,0.562109375
529,0.4936297833919525,0.4921875
530,0.4750404357910156,0.425390625
531,0.013849043287336826,0.5140625
532,0.8296937942504883,0.45703125
533,0.7508434057235718,0.556640625
534,0.4890689849853516,0.386328125
535,0.08737003058195114,0.47734375
536,0.5085056424140929,0.361328125
537,0.8878421187400818,0.53828125
538,0.5460693836212158,0.41015625
539,0.7663796544075012,0.703515625
540,0.5315214395523071,0.594140625
541,0.8107641339302063,0.375
542,0.8558967113494873,0.64140625
543,0.4653522968292236,0.4234375
544,0.8521820902824402,0.6859375
545,0.4516029357910156,0.355859375
546,0.06738126277923584,0.43984375
547,0.35257840156555176,0.414453125
548,0.2987518310546875,0.436328125
549,0.02029949426651001,0.45703125
550,0.5045833587646484,0.71796875
551,0.2725213170051575,0.41796875
552,0.13948723673820496,0.36875
553,0.5187345743179321,0.436328125
554,0.6672441363334656,0.536328125
555,0.2870311141014099,0.4109375
556,0.8512296080589294,0.66015625
557,0.4853519797325134,0.467578125
558,0.01184607669711113,0.395703125
559,0.7660463452339172,0.4109375
560,0.10867723822593688,0.350390625
561,0.5266522169113159,0.566796875
562,0.08224853128194809,0.517578125
563,0.6210902333259583,0.469921875
564,0.02399158850312233,0.408203125
565,0.8613114356994629,0.398046875
566,0.6962980628013611,0.712109375
567,0.2462495118379593,0.403515625
568,0.4750295281410217,0.4453125
569,0.7626115679740906,0.41796875
570,0.02792003378272057,0.516796875
571,0.2323642522096634,0.41484375
572,0.7629666924476624,0.46484375
573,0.4565161168575287,0.484765625
574,0.4268851280212401,0.45390625
575,0.5857517719268799,0.402734375
576,0.39085710048675537,0.462890625
577,0.7395884394645691,0.56171875
578,0.6798078417778015,0.47578125
579,0.42850494384765625,0.46484375
580,0.2662040293216705,0.457421875
581,0.8866164088249207,0.559375
582,0.2450704574584961,0.28046875
583,0.015316613018512726,0.39453125
584,0.3332780599594116,0.496484375
585,0.6869077682495117,0.51484375
586,0.5805310010910034,0.515234375
587,0.1986370086669922,0.3328125
588,0.4994420409202576,0.4421875
589,0.8697594404220581,0.340625
590,0.17017574608325958,0.634765625
591,0.4048396944999695,0.388671875
592,0.5650897622108461,0.5671875
593,0.800685465335846,0.423046875
594,0.16069555282592773,0.548828125
595,0.5704227089881897,0.401171875
596,0.7946847677230835,0.562890625
597,0.8212458491325378,0.4546875
598,0.09785327315330504,0.4171875
599,0.35499489307403564,0.353515625
600,0.7169748544692993,0.510546875
601,0.09050998091697693,0.415625
602,0.6350564956665039,0.403515625
603,0.632820725440979,0.57265625
604,0.3372586667537689,0.440625
605,0.7988168597221375,0.60546875
606,0.1162128895521164,0.5671875
607,0.671976625919342,0.523046875
608,0.5161709189414978,0.534765625
609,0.16849832236766815,0.44765625
610,0.6076103448867798,0.417578125
611,0.32721659541130066,0.395703125
612,0.5410596132278442,0.46171875
613,0.2516700625419617,0.29765625
614,0.4443620443344116,0.366015625
615,0.4598535001277924,0.322265625
616,0.475020557641983,0.444140625
617,0.004807662218809128,0.426953125
618,0.5701236724853516,0.470703125
619,0.642092227935791,0.518359375
620,0.42321252822875977,0.435546875
621,0.01324706245213747,0.394921875
622,0.6032438278198242,0.472265625
623,0.0634387955069542,0.418359375
624,0.3012181520462036,0.565625
625,0.5639711022377014,0.35546875
626,0.17831845581531525,0.4671875
627,0.7649922966957092,0.559375
628,0.3735257983207703,0.505859375
629,0.4701961874961853,0.35390625
630,0.7656475901603699,0.56484375
631,0.8892847895622253,0.573046875
632,0.7240599989891052,0.591796875
633,0.8780017495155334,0.685546875
634,0.1893596649169922,0.385546875
635,0.18866385519504547,0.351171875
636,0.7834188342094421,0.63515625
637,0.14748235046863556,0.382421875
638,0.6899335980415344,0.397265625
639,0.5204688906669617,0.52578125
640,0.8127507567405701,0.50546875
641,0.0375162772834301,0.31875
642,0.3622264266014099,0.35703125
643,0.3175592124462128,0.45390625
644,0.006447337567806244,0.428515625
645,0.7692424058914185,0.555078125
646,0.06003522872924805,0.4375
647,0.5212476849555969,0.432421875
648,0.32000336050987244,0.436328125
649,0.5778049230575562,0.43671875
650,0.08330802619457245,0.4796875
651,0.4507984817028046,0.377734375
652,0.002735387533903122,0.373046875
653,0.8998626470565796,0.724609375
654,0.8380576968193054,0.659375
655,0.35276761651039124,0.40390625
656,0.28737378120422363,0.45234375
657,0.8608959913253784,0.657421875
658,0.4724931120872498,0.43359375
659,0.4020817279815674,0.459375
660,0.18518786132335666,0.2859375
661,0.7597348690032959,0.51171875
662,0.3508366942405701,0.47890625
663,0.4144059717655182,0.378125
664,0.8988475203514099,0.729296875
665,0.2574519217014313,0.394140625
666,0.024526983499526974,0.39765625
667,0.2465096265077591,0.4109375
668,0.7642427086830139,0.636328125
669,0.029276629909873012,0.518359375
670,0.2801640331745148,0.37109375
671,0.0642159953713417,0.3890625
672,0.6741466522216797,0.463671875
673,0.3753220140933991,0.45703125
674,0.2326889932155609,0.512109375
675,0.10697292536497116,0.421875
676,0.1364578753709793,0.455859375
677,0.8320737481117249,0.39921875
678,0.39517998695373535,0.442578125
679,0.2326831519603729,0.4546875
680,0.04025672748684883,0.353125
681,0.32482191920280457,0.463671875
682,0.06753116846084595,0.381640625
683,0.634027361869812,0.68671875
684,0.5784003138542175,0.437109375
685,0.8785538673400879,0.380078125
686,0.09822551906108856,0.369140625
687,0.3026390075683594,0.400390625
688,0.2363923788070679,0.425
689,0.06595535576343536,0.3359375
690,0.6928956508636475,0.4734375
691,0.8011465072631836,0.6546875
692,0.3563460409641266,0.329296875
693,0.7497282028198242,0.61015625
694,0.8439006805419922,0.63125
695,0.18959875404834747,0.41796875
696,0.4625499248504639,0.426171875
697,0.7524994015693665,0.564453125
698,0.11757610738277435,0.40625
699,0.38553348183631897,0.38671875
700,0.4831433892250061,0.48125
701,0.8677283525466919,0.715625
702,0.061138734221458435,0.45703125
703,0.5725502967834473,0.459765625
704,0.6985630989074707,0.33359375
705,0.3816440105438232,0.455859375
706,0.6407274007797241,0.39765625
707,0.44692608714103704,0.408984375
708,0.7974618077278137,0.43046875
709,0.7104862332344055,0.527734375
710,0.7219211459159851,0.36640625
711,0.7480573654174805,0.55703125
712,0.3119490444660187,0.4609375
713,0.4739832580089569,0.433984375
714,0.8692208528518677,0.653125
715,0.6294283866882324,0.428515625
716,0.06735088676214218,0.478125
717,0.5478562712669373,0.548046875
718,0.8996438384056091,0.726953125
719,0.09563693404197693,0.451953125
720,0.6806656718254089,0.6046875
721,0.7177271246910095,0.487890625
722,0.0002024770656134933,0.32265625
723,0.8865271806716919,0.721875
724,0.12260882556438445,0.28671875
725,0.9002232551574707,0.72421875
726,0.7996843457221985,0.623046875
727,0.08375191688537598,0.4203125
728,0.7235280871391296,0.515234375
729,0.2885313928127289,0.41015625
730,0.003645366290584207,0.35390625
731,0.11907988786697388,0.366015625
732,0.7572600245475769,0.7140625
733,0.034395404160022736,0.497265625
734,0.003756339428946376,0.441015625
735,0.7087745070457458,0.54921875
736,0.04366612806916237,0.418359375
737,0.014561995863914491,0.4171875
738,0.7447702288627625,0.55859375
739,0.11931273341178895,0.265625
740,0.6652882695198059,0.55234375
741,0.5291711091995239,0.56171875
742,0.614471971988678,0.46015625
743,0.4623953402042389,0.455859375
744,0.015471975319087504,0.369140625
745,0.20761804282665253,0.43515625
746,0.021284235641360283,0.423828125
747,0.07018556445837021,0.433984375
748,0.049206603318452835,0.4921875
749,0.5807108879089355,0.615625
750,0.4984327852725983,0.680078125
751,0.6151962280273438,0.46484375
752,0.0,0.36328125
753,0.5475591421127319,0.446484375
754,0.409530907869339,0.401953125
755,0.03955000638961792,0.47265625
756,0.8939234614372253,0.6546875
757,0.003961541689932346,0.442578125
758,0.08188796043395996,0.336328125
759,0.2820591330528259,0.48828125
760,0.8363822102546692,0.412109375
761,0.6152203679084778,0.5578125
762,0.8166106939315796,0.68125
763,0.4545462429523468,0.469140625
764,0.02222458459436893,0.403515625
765,0.899493932723999,0.717578125
766,0.705389678478241,0.55859375
767,0.16580109298229218,0.419140625
768,0.5016891360282898,0.34296875
769,0.5545663833618164,0.5421875
770,0.5525108575820923,0.379296875
771,0.8172068595886229,0.59765625
772,0.900700569152832,0.728125
773,0.3747336864471436,0.36953125
774,0.18527042865753174,0.429296875
775,0.9013309478759766,0.7015625
776,0.13348884880542755,0.561328125
777,0.22053998708724976,0.41484375
778,0.03925563395023346,0.35234375
779,0.7788856625556946,0.63828125
780,0.7334381937980652,0.449609375
781,0.5308809280395508,0.465234375
782,0.5048329830169678,0.41015625
783,0.4513802230358124,0.437890625
784,0.3413681983947754,0.36015625
785,0.010936099104583263,0.45546875
786,0.3083764910697937,0.39765625
787,0.5605788230895996,0.409765625
788,0.13418583571910858,0.390625
789,0.7673530578613281,0.6140625
790,0.6867263317108154,0.350390625
791,0.2636321783065796,0.298046875
792,0.6109045147895813,0.483984375
793,0.4050787687301636,0.426953125
794,0.25614479184150696,0.4
795,0.1370512843132019,0.4390625
796,0.6537163257598877,0.43359375
797,0.6605740785598755,0.486328125
798,0.13286273181438446,0.41640625
799,0.5899360775947571,0.468359375
800,0.6786350011825562,0.356640625
801,0.17179596424102786,0.332421875
802,0.8879616856575012,0.64609375
803,0.6557776927947998,0.428515625
804,0.018473697826266292,0.41484375
805,0.5971687436103821,0.41640625
806,0.6050116419792175,0.495703125
807,0.000244140625,0.371484375
808,0.08865731954574585,0.440625
809,0.4160818457603455,0.44296875
810,0.5026388168334961,0.48671875
811,0.0,0.351171875
812,0.012864302843809128,0.4265625
813,0.4084126353263855,0.36015625
814,0.3513658940792084,0.48359375
815,0.8604018092155457,0.633203125
816,0.008555824868381023,0.438671875
817,0.6124141216278076,0.53359375
818,0.04078160971403122,0.44921875
819,0.3461980223655701,0.37734375
820,0.5683831572532654,0.621484375
821,0.05076878890395165,0.464453125
822,0.8371068239212036,0.55390625
823,0.358820915222168,0.384375
824,0.8996632695198059,0.73203125
825,0.10901443660259247,0.375
826,0.012228837236762049,0.4125
827,0.2803528904914856,0.386328125
828,0.8263790011405945,0.646875
829,0.2685406804084778,0.42890625
830,0.601749062538147,0.437109375
831,0.6816729903221129,0.461328125
832,0.7257031798362732,0.465234375
833,0.7775897979736328,0.64453125
834,0.3779242336750031,0.373828125
835,0.3647410273551941,0.420703125
836,0.028833124786615368,0.394140625
837,0.1319519728422165,0.361328125
838,0.645376980304718,0.5453125
839,0.6465969085693359,0.434375
840,0.3575936257839203,0.558203125
841,0.8407931327819824,0.621875
842,0.0,0.45703125
843,0.9006227254867554,0.718359375
844,0.3424572646617889,0.483203125
845,0.773392379283905,0.427734375
846,0.2349018454551697,0.340234375
847,0.2189754694700241,0.43203125
848,0.9009007811546326,0.722265625
849,0.901908040046692,0.721484375
850,0.8184547424316406,0.699609375
851,0.8355750441551208,0.680859375
852,0.3482418954372406,0.401171875
853,0.6465665698051453,0.3890625
854,0.9005982279777527,0.718359375
855,0.768634557723999,0.37734375
856,0.7797843813896179,0.643359375
857,0.3358689844608307,0.403515625
858,0.18766197562217712,0.438671875
859,0.5281338095664978,0.42109375
860,0.0,0.350390625
861,0.01545834541320801,0.3875
862,0.38203492760658253,0.433984375
863,0.23218591511249545,0.43828125
864,0.07535729557275772,0.307421875
865,0.8709275126457214,0.407421875
866,0.15661796927452087,0.3484375
867,0.27428245544433594,0.519140625
868,0.041070140898227685,0.43984375
869,0.24990539252758026,0.309375
870,0.0,0.495703125
871,0.8992248177528381,0.72890625
872,0.8992801308631897,0.722265625
873,0.4662922620773315,0.30625
874,0.11950937658548355,0.34609375
875,0.07130152732133865,0.468359375
876,0.0,0.516796875
877,0.7651702165603638,0.412109375
878,0.8440362215042114,0.52109375
879,0.468809187412262,0.45234375
880,0.5227206349372864,0.496484375
881,0.3381355702877045,0.3828125
882,0.021960975602269173,0.393359375
883,0.4585829377174378,0.433984375
884,0.028125623241066933,0.36640625
885,0.6840692162513733,0.71875
886,0.0028214403428137307,0.429296875
887,0.5049517750740051,0.45625
888,0.7562888860702515,0.408203125
889,0.6416292190551758,0.380078125
890,0.2907488942146301,0.417578125
891,0.8987731337547302,0.724609375
892,0.7131273746490479,0.576953125
893,0.12242504209280015,0.436328125
894,0.6597673296928406,0.462109375
895,0.378542959690094,0.446875
896,0.6256464123725891,0.36953125
897,0.8434038162231445,0.546875
898,0.06828851252794266,0.360546875
899,0.6009282469749451,0.46015625
900,0.034792181104421616,0.407421875
901,0.5003975629806519,0.365625
902,0.8383567333221436,0.653125
903,0.7039555907249451,0.378515625
904,0.24787478148937225,0.360546875
905,0.0,0.398828125
906,0.0022665751166641712,0.387109375
907,0.5558571815490723,0.4671875
908,0.36319559812545776,0.399609375
909,0.013407876715064049,0.328515625
910,0.3324844837188721,0.384375
911,0.7619540095329285,0.486328125
912,0.6161801815032959,0.473828125
913,0.5538094639778137,0.378515625
914,0.3947555422782898,0.419140625
915,0.008813982829451561,0.719140625
916,0.8349839448928833,0.616796875
917,0.5189039707183838,0.423828125
918,0.5730510354042053,0.45859375
919,0.8978343605995178,0.4421875
920,0.3701841831207275,0.341015625
921,0.2664477825164795,0.36796875
922,0.8560516238212585,0.438671875
923,0.8495631217956543,0.68125
924,0.620655357837677,0.54921875
925,0.6564774513244629,0.558203125
926,0.5462223887443542,0.415625
927,0.6749865412712097,0.582421875
928,0.8856698274612427,0.651171875
929,0.015949353575706482,0.3140625
930,0.33152157068252563,0.3875
931,0.9002227783203125,0.71015625
932,0.5342427492141724,0.481640625
933,0.213110625743866,0.45078125
934,0.3733825385570526,0.391015625
935,0.8994693756103516,0.725
936,0.4749617576599121,0.40546875
937,0.15524813532829285,0.403125
938,0.5552521347999573,0.34296875
939,0.04342588037252426,0.33046875
940,0.8995636701583862,0.717578125
941,0.7546775937080383,0.454296875
942,0.5003438591957092,0.40078125
943,0.4672746360301971,0.54140625
944,0.3894268870353699,0.471484375
945,0.33963972330093384,0.344921875
946,0.2216917723417282,0.2875
947,0.7083672285079956,0.44921875
948,0.10641493648290634,0.444140625
949,0.6841969490051271,0.417578125
950,0.2485955208539963,0.72578125
951,0.5415615439414978,0.473046875
952,0.8408545851707458,0.471875
953,0.11422783136367798,0.446484375
954,0.9004260897636414,0.716796875
955,0.5105919241905212,0.3875
956,0.08153557777404785,0.297265625
957,0.15561647713184354,0.454296875
958,0.8099632263183594,0.658203125
959,0.6552789211273193,0.4625
960,0.30419260263442993,0.423046875
961,0.3690184056758881,0.444140625
962,0.6321914792060852,0.458203125
963,0.27725380659103394,0.44609375
964,0.20274925231933594,0.401953125
965,0.4567298889160156,0.40859375
966,0.8810868263244629,0.596875
967,0.7815766930580139,0.496875
968,0.5188654065132141,0.4140625
969,0.5963919758796692,0.472265625
970,0.5343093872070312,0.36171875
971,0.24359123408794406,0.34296875
972,0.6538047194480896,0.553515625
973,0.3037732243537903,0.427734375
974,0.387022852897644,0.500390625
975,0.716999351978302,0.543359375
976,0.3788536787033081,0.425390625
977,0.2074915170669556,0.548046875
978,0.058542355895042426,0.4484375
979,0.0072186971083283424,0.53359375
980,6.65838088025339e-05,0.448046875
981,0.2062353789806366,0.4703125
982,0.6496220231056213,0.52578125
983,0.4423178136348725,0.4265625
984,0.02933776192367077,0.44609375
985,0.7316891551017761,0.69765625
986,0.8987638354301453,0.537890625
987,0.30662816762924194,0.434765625
988,0.6538054943084717,0.489453125
989,0.336521178483963,0.302734375
990,0.1045895293354988,0.3640625
991,0.0002690608671400696,0.3484375
992,0.8010931015014648,0.37265625
993,0.8437671661376953,0.6359375
994,0.7322532534599304,0.430859375
995,0.06777803599834442,0.371484375
996,0.4238242506980896,0.424609375
997,0.37347444891929626,0.437109375
998,0.5042309761047363,0.368359375
999,0.06937877088785173,0.3453125
1000,0.2681275308132172,0.414453125
1001,0.7032005786895752,0.5
1002,0.17264246940612793,0.33203125
1003,0.673628032207489,0.485546875
1004,0.5426623225212097,0.57421875
1005,0.6632853150367737,0.497265625
1006,0.6519407629966736,0.45625
1007,0.0066720093600451955,0.46171875
1008,0.4621114730834961,0.5171875
1009,0.9009809494018556,0.7109375
1010,0.032844509929418564,0.446875
1011,0.07008082419633865,0.39140625
1012,0.5664899945259094,0.602734375
1013,0.03710587322711945,0.406640625
1014,0.03149375319480896,0.3828125
1015,0.6065321564674377,0.51640625
1016,0.5188713073730469,0.480078125
1017,0.1821526736021042,0.4296875
1018,0.8627182841300964,0.656640625
1019,0.7160819768905641,0.48046875
1020,0.20190781354904172,0.5234375
1021,0.8068723082542419,0.5984375
1022,0.9004256725311279,0.66171875
1023,0.7835547924041748,0.597265625
1024,0.8896679878234863,0.721484375
1025,0.06358364224433899,0.465234375
1026,0.8067727088928223,0.541796875
1027,0.7307160496711731,0.648046875
1028,0.5672562718391418,0.433984375
1029,0.10973906517028807,0.40859375
1030,0.6641508936882019,0.69921875
1031,0.30491840839385986,0.457421875
1032,0.6592346429824829,0.4921875
1033,0.40930041670799255,0.321875
1034,0.6130106449127197,0.5671875
1035,0.6316443681716919,0.46171875
1036,0.8996520042419434,0.7171875
1037,0.4620900750160217,0.541015625
1038,0.4130489826202393,0.28046875
1039,0.8922257423400879,0.710546875
1040,0.7661237716674805,0.555859375
1041,0.651238739490509,0.41015625
1042,0.6863470673561096,0.5015625
1043,0.4025871157646179,0.444140625
1044,0.1886105090379715,0.36796875
1045,0.8945667147636414,0.597265625
1046,0.09465724974870683,0.4078125
1047,0.5104703903198242,0.512109375
1048,0.4024290144443512,0.427734375
1049,0.041123095899820335,0.508203125
1050,0.7682658433914185,0.533984375
1051,0.15110865235328674,0.4671875
1052,0.8736882209777832,0.64140625
1053,0.4904932975769043,0.4609375
1054,0.2370554804801941,0.4453125
1055,0.5070551633834839,0.3984375
1056,0.4716329574584961,0.3578125
1057,0.013643451035022736,0.4484375
1058,0.7961745262145996,0.45078125
1059,0.5929818153381348,0.361328125
1060,0.5397633910179138,0.4515625
1061,0.04839708283543587,0.392578125
1062,0.5890510082244873,0.626953125
1063,0.8747975826263428,0.67265625
1064,0.8216040730476379,0.559765625
1065,0.4284181296825409,0.50703125
1066,0.7655494809150696,0.558984375
1067,0.7411307692527771,0.361328125
1068,0.20503491163253784,0.460546875
1069,0.021622605621814728,0.340234375
1070,0.09671083837747574,0.453515625
1071,0.8996831178665161,0.7140625
1072,0.7748054265975952,0.41015625
1073,0.6931553483009338,0.41640625
1074,0.7533564567565918,0.5484375
1075,0.058916158974170685,0.384375
1076,0.310368150472641,0.4484375
1077,0.0,0.34765625
1078,0.007534873206168412,0.4921875
1079,0.4332480132579804,0.44453125
1080,0.8421913981437683,0.472265625
1081,0.6328347325325012,0.434765625
1082,0.0,0.365625
1083,0.7750849723815918,0.550390625
1084,0.023164933547377583,0.438671875
1085,0.1244027018547058,0.351171875
1086,0.8333002924919128,0.627734375
1087,0.400825172662735,0.354296875
1088,0.903156042098999,0.719140625
1089,0.7949292659759521,0.635546875
1090,0.5684517025947571,0.438671875
1091,0.4464954733848572,0.332421875
1092,0.5439581871032715,0.532421875
1093,0.4450356364250183,0.516796875
1094,0.29925137758255005,0.467578125
1095,0.5279554724693298,0.530078125
1096,0.16001375019550326,0.416015625
1097,0.7924937605857849,0.600390625
1098,0.8735768795013428,0.6328125
1099,0.7327804565429688,0.475390625
1100,0.6118783354759216,0.437890625
1101,0.16209498047828674,0.419921875
1102,0.7010834813117981,0.52578125
1103,0.8996691703796387,0.727734375
1104,0.8718125820159912,0.5421875
1105,0.5539507865905762,0.37578125
1106,0.5960115194320679,0.630859375
1107,0.7051268219947815,0.38984375
1108,0.020340770483016968,0.383203125
1109,0.7640212178230286,0.559375
1110,0.6520680785179138,0.588671875
1111,0.0324091799557209,0.34296875
1112,0.8406108617782593,0.44296875
1113,0.0,0.387109375
1114,0.6980136036872864,0.427734375
1115,0.6212378740310669,0.5328125
1116,0.5343214273452759,0.409375
1117,0.5402770042419434,0.4921875
1118,0.7124868631362915,0.41953125
1119,0.5838298201560974,0.6984375
1120,0.4206173419952393,0.483203125
1121,0.5386256575584412,0.3796875
1122,0.6972586512565613,0.46484375
1123,0.3230490684509277,0.391796875
1124,0.005373819265514611,0.36640625
1125,0.013152833096683024,0.475390625
1126,0.1526743322610855,0.542578125
1127,0.7956122756004333,0.46015625
1128,0.4286428093910217,0.405859375
1129,0.5509210824966431,0.42734375
1130,0.10547731816768646,0.41328125
1131,0.4535229504108429,0.48125
1132,0.3009412884712219,0.3359375
1133,0.9027121663093568,0.73125
1134,0.30000093579292303,0.4640625
1135,0.5331521034240723,0.453515625
1136,0.12715287506580353,0.393359375
1137,0.07807905972003938,0.444921875
1138,0.2445903569459915,0.347265625
1139,0.35689234733581543,0.55234375
1140,0.8356544375419617,0.55390625
1141,0.90107524394989,0.724609375
1142,0.3538427352905273,0.44765625
1143,0.7945850491523743,0.60546875
1144,0.589227020740509,0.499609375
1145,0.050134103745222085,0.51953125
1146,0.7722222805023193,0.55
1147,0.4640595316886902,0.45390625
1148,0.605158805847168,0.462890625
1149,0.7145614624023438,0.465234375
1150,0.6010162234306335,0.440625
1151,0.8884304761886597,0.5625
1152,0.3410317599773407,0.365234375
1153,0.3822323381900787,0.364453125
1154,0.175191730260849,0.469921875
1155,0.8663468360900879,0.650390625
1156,0.8505836129188538,0.34453125
1157,0.5229285955429077,0.456640625
1158,0.052369531244039536,0.355859375
1159,0.7606744766235352,0.671484375
1160,0.4460480511188507,0.484765625
1161,0.4059330523014069,0.321875
1162,0.029778925701975826,0.4578125
1163,0.30887722969055176,0.4640625
1164,0.7065496444702148,0.547265625
1165,0.3684779107570648,0.42421875
1166,0.2591029107570648,0.418359375
1167,0.8998023271560669,0.7234375
1168,0.7526353597640991,0.457421875
1169,0.4256777167320252,0.37578125
1170,0.03933623433113098,0.364453125
1171,0.7695939540863037,0.541796875
1172,0.8971797823905945,0.513671875
1173,0.8490521907806396,0.6703125
1174,0.03224252536892891,0.3890625
1175,0.0016256573144346476,0.3890625
1176,0.20650792121887207,0.448828125
1177,0.04857463762164116,0.40546875
1178,0.07132605463266373,0.483984375
1179,0.8120086193084717,0.441796875
1180,0.3237756490707397,0.45390625
1181,0.7250092625617981,0.54375
1182,0.0,0.410546875
1183,0.6824603080749512,0.52421875
1184,0.00013589326408691704,0.31953125
1186,0.3385521769523621,0.30703125
1187,0.6249396800994873,0.516015625
1188,0.7611362338066101,0.48515625
1189,0.4811108410358429,0.45546875
1190,0.5932729840278625,0.43984375
1191,0.900101363658905,0.7203125
1192,0.6205832958221436,0.41328125
1193,0.134765625,0.4703125
1194,0.05357932671904564,0.412890625
1195,0.6512749195098877,0.355859375
1196,0.2518110275268555,0.47578125
1197,0.018332352861762047,0.429296875
1198,0.6988258957862854,0.53046875
1199,0.7763329744338989,0.53359375
1200,0.23766253888607025,0.474609375
1201,0.3694431781768799,0.4984375
1202,0.4572438597679138,0.498828125
1203,0.7479362487792969,0.5234375
1204,0.6901925802230835,0.599609375
1205,0.13431277871131894,0.357421875
1206,0.8983203172683716,0.686328125
1207,0.3505894541740417,0.4640625
1208,0.368319034576416,0.47890625
1209,0.7524048686027527,0.44765625
1210,0.18450802564620966,0.281640625
1211,0.8941975831985474,0.581640625
1212,0.4921438992023468,0.46328125
1213,0.7576014995574951,0.55234375
1214,0.5728574991226196,0.482421875
1215,0.4243600368499756,0.415625
1216,0.42419105768203735,0.479296875
1217,0.6435344815254211,0.409375
1218,0.621030330657959,0.426171875
1219,0.27594783902168274,0.698046875
1220,0.2896274924278259,0.46015625
1221,0.886968731880188,0.722265625
1222,6.65838088025339e-05,0.43203125
1223,0.23681601881980896,0.431640625
1224,0.44726407527923584,0.360546875
1225,0.4353591799736023,0.442578125
1226,0.7001789808273315,0.46484375
1227,0.7438104152679443,0.41953125
1228,0.2819516658782959,0.27109375
1229,0.5247715115547179,0.42578125
1230,0.31984448432922363,0.421875
1231,0.530190110206604,0.427734375
1232,0.8219946622848511,0.603125
1233,0.6581245064735413,0.346484375
1234,0.20975106954574585,0.4484375
1235,0.3821054100990296,0.448828125
1236,0.6164566278457642,0.440234375
1237,0.4310557842254639,0.437890625
1238,0.1707497090101242,0.46796875
1239,0.6864498257637024,0.4765625
1240,0.0016034627333283427,0.3484375
1241,0.42781615257263184,0.3859375
1242,0.6167662143707275,0.575
1243,0.5117682218551636,0.408984375
1244,0.6385336518287659,0.45546875
1245,0.7259118556976318,0.290625
1246,0.9010226130485536,0.721484375
1247,0.5472316741943359,0.39140625
1248,0.09875234961509703,0.340234375
1249,0.4432943761348725,0.424609375
1250,0.15752054750919342,0.41484375
1251,0.8201085329055786,0.480859375
1252,0.751883864402771,0.54375
1253,0.899607241153717,0.73203125
1254,0.6878204941749573,0.483984375
1255,0.17287492752075195,0.359375
1256,0.14104358851909635,0.417578125
1257,0.8998109102249146,0.718359375
1258,0.8248767852783203,0.5828125
1259,0.3914847373962401,0.430859375
1260,0.9002816081047058,0.722265625
1261,0.05777410790324211,0.4203125
1262,0.8342152833938599,0.655078125
1263,0.3298075199127197,0.462890625
1264,0.8705198168754578,0.56171875
1265,0.004385964944958687,0.423046875
1266,0.4347354471683502,0.39609375
1267,0.5622020959854126,0.71875
1268,0.16968552768230438,0.458203125
1269,0.21371300518512729,0.426171875
1270,0.5643963217735289,0.456640625
1271,0.8697457313537598,0.678515625
1272,0.6356752514839172,0.302734375
1273,0.3816770613193512,0.386328125
1274,0.5185177326202393,0.484375
1275,0.0,0.40703125
1276,0.7173833250999451,0.498828125
1277,0.8058291673660278,0.741015625
1278,0.42162737250328064,0.359375
1279,0.307283490896225,0.41484375
1280,0.6799418330192566,0.690625
1281,0.6702657341957092,0.5546875
1282,0.2787770628929138,0.33125
1283,0.34873366355896,0.31015625
1284,0.647504985332489,0.5734375
1285,0.07946057617664337,0.377734375
1286,0.1264866590499878,0.496875
1287,0.5529158711433411,0.5359375
1288,0.11943811178207395,0.4859375
1289,0.0,0.52265625
1290,0.007626377046108245,0.365234375
1291,0.02163117192685604,0.458203125
1292,0.6948639750480652,0.492578125
1293,0.1558053344488144,0.359765625
1294,8.877841173671186e-05,0.43515625
1295,0.32811450958251953,0.448828125
1296,0.034333884716033936,0.442578125
1297,0.7668644785881042,0.5875
1298,0.833918571472168,0.625390625
1299,0.061097845435142524,0.427734375
1300,0.7551484107971191,0.546875
1301,0.4472193121910095,0.458984375
1302,0.11237166821956636,0.365625
1303,0.8205582499504089,0.59609375
1304,0.4536705017089844,0.424609375
1305,0.04379696026444435,0.4546875
1306,0.41334331035614014,0.4140625
1307,0.5081559419631958,0.456640625
1308,0.08854322880506517,0.337109375
1309,0.24554745852947235,0.44765625
1310,0.101884126663208,0.4484375
1311,0.4435961246490479,0.56640625
1312,0.876911461353302,0.659375
1313,0.18445543944835666,0.425390625
1314,0.3712214529514313,0.4078125
1315,0.5979872345924377,0.391015625
1316,0.8207688927650452,0.598828125
1317,0.5919744372367859,0.51796875
1318,0.20558665692806244,0.472265625
1319,0.01153535209596157,0.379296875
1320,0.7683768272399902,0.584375
1321,0.4104720652103424,0.344140625
1322,0.5260175466537476,0.45234375
1323,0.9010308384895324,0.71953125
1324,0.5948963165283203,0.409375
1325,0.049736935645341866,0.396484375
1326,0.3276713788509369,0.31328125
1327,0.21463310718536374,0.396484375
1328,0.6680431365966797,0.572265625
1329,0.6167159676551819,0.559375
1330,0.712997317314148,0.390234375
1331,0.2121114730834961,0.58046875
1332,0.5824849009513855,0.491796875
1333,0.8977568745613098,0.7171875
1334,0.22929400205612185,0.651953125
1335,0.03733326867222786,0.458203125
1336,0.7346892356872559,0.494921875
1337,0.901225447654724,0.707421875
1338,0.5488195419311523,0.45078125
1339,0.8905167579650879,0.480859375
1340,0.1793094128370285,0.396484375
1341,0.08495354652404785,0.416796875
1342,0.8678280711174011,0.66015625
1343,0.440733790397644,0.5484375
1344,0.7691858410835266,0.545703125
1345,0.012495172210037708,0.441796875
1346,0.1932215243577957,0.46640625
1347,0.6502240300178528,0.46796875
1348,0.6009998321533203,0.516015625
1349,0.009426865726709366,0.53359375
1350,0.00565962353721261,0.383984375
1351,0.3403460681438446,0.3734375
1352,0.8426246643066406,0.670703125
1353,0.6620502471923828,0.483203125
1354,0.6822106838226318,0.477734375
1355,0.6812757849693298,0.473046875
1356,0.2880150675773621,0.445703125
1357,0.13380815088748932,0.44140625
1358,0.1801302284002304,0.419140625
1359,0.3552670478820801,0.45078125
1360,0.015508186072111131,0.367578125
1361,0.24319443106651306,0.37265625
1362,0.3431624472141266,0.446875
1363,0.8526290059089661,0.497265625
1364,0.07827608287334442,0.384375
1365,0.3984285295009613,0.3578125
1366,0.17637933790683746,0.402734375
1367,0.504061222076416,0.40390625
1368,0.3172804117202759,0.43125
1369,0.10468921065330504,0.445703125
1370,0.35187944769859314,0.316796875
1371,0.8993747234344482,0.724609375
1372,0.0,0.341796875
1373,0.8987197875976562,0.7296875
1374,0.7790830731391907,0.591796875
1375,0.5269290804862976,0.428125
1376,0.5863802433013916,0.467578125
1377,0.7123789787292479,0.423046875
1378,0.008869275450706482,0.448046875
1379,0.04521196335554123,0.500390625
1380,0.6534445285797119,0.4734375
1381,0.19741982221603396,0.380078125
1382,0.4759722352027893,0.325390625
1383,0.6702921986579895,0.43671875
1384,0.21610185503959656,0.311328125
1385,0.2774041295051575,0.303125
1386,0.220310240983963,0.41484375
1387,0.3054744303226471,0.346875
1388,0.4186334311962128,0.40078125
1389,0.7921600341796875,0.575390625
1390,0.902542769908905,0.72265625
1391,0.8983176350593567,0.7296875
1392,0.6818084716796875,0.4203125
1393,0.0001997514336835593,0.348046875
1394,0.22262589633464813,0.457421875
1395,0.8080708384513855,0.577734375
1396,0.6073062419891357,0.43828125
1397,0.6170547604560852,0.67578125
1398,0.8470908999443054,0.63984375
1399,0.2537898123264313,0.405078125
1400,0.3424966037273407,0.357421875
1401,0.8990586400032043,0.70703125
1402,0.6704673767089844,0.552734375
1403,0.06952245533466339,0.46953125
1404,0.156196266412735,0.3875
1405,0.8995717763900757,0.7265625
1406,0.5739789009094238,0.44921875
1407,0.6632043719291687,0.494140625
1408,0.4810049533843994,0.519921875
1409,0.3142549395561218,0.419921875
1410,0.12357410043478012,0.452734375
1411,0.1614890992641449,0.498046875
1412,0.0421241894364357,0.39765625
1413,0.7820093035697937,0.68203125
1414,0.030208801850676537,0.36328125
1415,0.3148736655712128,0.5203125
1416,0.17189915478229525,0.416015625
1417,0.3836777210235596,0.3765625
1418,0.5569949746131897,0.412109375
1419,0.637665331363678,0.55546875
1420,0.6283292174339294,0.529296875
1421,0.15535014867782593,0.517578125
1422,0.8857114315032959,0.565625
1423,0.8411337733268738,0.582421875
1424,0.4590369760990143,0.4484375
1425,0.0673898234963417,0.519140625
1426,0.5556941032409668,0.434375
1427,0.7703318595886229,0.55390625
1428,0.8033347725868225,0.547265625
1429,0.3419027924537659,0.36953125
1430,0.31853187084198,0.40703125
1431,0.012081651948392393,0.484765625
1432,0.4430918693542481,0.32421875
1433,0.2660494446754456,0.428515625
1434,0.012595241889357569,0.426171875
1435,0.5150117874145508,0.49921875
1436,0.8282702565193176,0.657421875
1437,0.1817387491464615,0.45703125
1438,0.6617453098297119,0.5015625
1439,0.8897983431816101,0.467578125
1440,0.6664003729820251,0.48984375
1441,0.6013662815093994,0.565625
1442,0.8370757102966309,0.42734375
1443,0.8208712935447693,0.40859375
1444,0.051690060645341866,0.442578125
1445,0.59549480676651,0.48671875
1446,0.3160460591316223,0.3234375
1447,0.5609226226806641,0.461328125
1448,0.5642849206924438,0.41953125
1449,0.8216621279716492,0.540234375
1450,0.056824803352355964,0.4796875
1451,0.1136305257678032,0.377734375
1452,0.2569519877433777,0.497265625
1453,0.5025165677070618,0.422265625
1454,0.622117817401886,0.484765625
1455,0.4699609577655792,0.339453125
1456,0.29136645793914795,0.28125
1457,0.3263066112995148,0.4140625
1458,0.7638155817985535,0.523828125
1459,0.7777292132377625,0.728515625
1460,0.005262846592813729,0.451953125
1461,0.13081809878349304,0.326953125
1462,0.02610280178487301,0.451953125
1463,0.6954445242881775,0.277734375
1464,0.34178364276885986,0.46171875
1465,0.3139687478542328,0.43984375
1466,0.523199200630188,0.44140625
1467,0.8955989480018616,0.65703125
1468,0.024766061455011368,0.41328125
1469,0.592862606048584,0.525390625
1470,0.7139466404914856,0.457421875
1471,0.26857104897499084,0.45546875
1472,0.6330258846282959,0.52421875
1473,0.8725453615188599,0.696484375
1474,0.6490395069122314,0.475
1475,0.5717898011207581,0.486328125
1476,0.730780303478241,0.60625
1477,0.5716196298599243,0.453125
1478,0.8398694396018982,0.723046875
1479,0.8406825065612793,0.571875
1480,0.7353683114051819,0.5515625
1481,0.8991637229919434,0.72734375
1482,0.6844971179962158,0.68125
1483,0.6084210276603699,0.52265625
1484,0.529434323310852,0.4078125
1485,0.24460944533348086,0.48984375
1486,0.8308448195457458,0.578125
1487,0.8812892436981201,0.426171875
1488,0.4079691469669342,0.3953125
1489,0.8771945834159851,0.651171875
1490,0.8995994329452515,0.721875
1491,0.28652921319007874,0.464453125
1492,0.1942012161016464,0.45
1493,0.05485571175813675,0.401171875
1494,0.32774534821510315,0.475390625
1495,0.41548022627830505,0.460546875
1496,0.28196218609809875,0.337890625
1497,0.5375856161117554,0.45703125
1498,0.6179137229919434,0.45
1499,0.5068009495735168,0.452734375
1500,0.5045051574707031,0.53984375
1501,0.02718761190772057,0.449609375
1502,0.6002347469329834,0.45390625
1503,0.3890565931797028,0.376953125
1504,0.5990003943443298,0.377734375
1505,0.4667057693004608,0.401171875
1506,0.0,0.310546875
1507,0.0843009427189827,0.48671875
1508,0.4044946730136871,0.45234375
1509,0.9043183326721193,0.72109375
1510,0.8538274765014648,0.658984375
1511,0.05991530418395996,0.386328125
1512,0.8999105095863342,0.7171875
1513,0.4124411344528198,0.449609375
1514,0.7097175717353821,0.41796875
1515,0.5418804287910461,0.406640625
1516,0.2363448590040207,0.40703125
1517,0.1429601013660431,0.357421875
1518,0.4462291300296784,0.3625
1519,0.8525289297103882,0.566015625
1520,0.26212021708488464,0.4859375
1521,0.07645067572593689,0.448046875
1522,0.5634504556655884,0.409765625
1523,0.8156251907348633,0.715625
1524,0.16076797246932986,0.35703125
1525,0.7199854850769043,0.569921875
1526,0.27887988090515137,0.434765625
1527,0.5527074933052063,0.381640625
1528,0.4134897589683533,0.429296875
1529,0.8793556094169617,0.343359375
1530,0.0001331676176050678,0.45390625
1531,0.054796919226646416,0.43671875
1532,0.7749444246292114,0.6671875
1533,0.4970387816429138,0.44609375
1534,0.7979726791381836,0.570703125
1535,0.20287851989269254,0.28984375
1536,0.1124744564294815,0.275390625
1537,0.1936521977186203,0.45703125
1538,0.5389807820320129,0.4078125
1539,0.28025633096694946,0.45
1540,0.4107356667518616,0.414453125
1541,0.6149587035179138,0.462890625
1542,0.3423933982849121,0.46640625
1543,0.36784788966178894,0.5859375
1544,0.7469480633735657,0.540234375
1545,0.4661812782287598,0.42890625
1546,0.9002676010131836,0.723046875
1547,0.9008088707923888,0.7140625
1548,0.20994770526885986,0.4484375
1549,0.8194453716278076,0.597265625
1550,0.12759442627429962,0.381640625
1551,0.1137893870472908,0.359375
1552,0.41239166259765625,0.418359375
1553,0.19960501790046686,0.4296875
1554,0.8671703338623047,0.49453125
1555,0.9016546010971068,0.728125
1556,0.2236799448728561,0.431640625
1557,0.15593071281909945,0.444921875
1558,0.5161615610122681,0.459375
1559,0.6193259954452515,0.341796875
1560,0.031506992876529694,0.474609375
1561,0.4850992560386658,0.5265625
1562,0.9004844427108765,0.721484375
1563,0.1797688752412796,0.460546875
1564,0.29158568382263184,0.44453125
1565,0.4645088911056519,0.43515625
1566,0.4658985733985901,0.275390625
1567,0.231367826461792,0.488671875
1568,0.7519675493240356,0.616796875
1569,0.3864547610282898,0.393359375
1570,0.08246229588985443,0.3625
1571,0.04898776859045029,0.453125
1572,0.4282550215721129,0.43828125
1573,0.13524261116981506,0.474609375
1574,0.6598424315452576,0.546875
1575,0.8114549517631531,0.418359375
1576,0.6246534585952759,0.511328125
1577,0.6860939860343933,0.3265625
1578,0.5452147126197815,0.69921875
1579,0.004108726978302002,0.383984375
1580,0.5785062313079834,0.419140625
1581,0.5120030045509338,0.39453125
1582,0.3470102846622467,0.465625
1583,0.8651043772697449,0.68359375
1584,0.6513146162033081,0.4421875
1585,0.8466415405273438,0.46328125
1586,0.7355602383613586,0.66484375
1587,0.15602649748325348,0.41640625
1588,0.6158900856971741,0.455859375
1589,0.8696511387825012,0.555859375
1590,0.4413774311542511,0.4375
1591,0.4458969831466675,0.50078125
1592,0.6428000926971436,0.485546875
1593,0.8326702117919922,0.558984375
1594,2.2194602934177965e-05,0.36640625
1595,0.7160091400146484,0.58828125
1596,0.2707768976688385,0.398828125
1597,0.28572162985801697,0.353515625
1598,0.28271719813346863,0.3109375
1599,0.0169703047722578,0.444921875
1600,0.6719902753829956,0.44921875
1601,0.15461499989032745,0.363671875
1602,0.0,0.355078125
1603,0.6062078475952148,0.512109375
1604,0.7315146327018738,0.475
1605,0.7702940106391907,0.730859375
1606,0.42862918972969055,0.38359375
1607,0.7751402854919434,0.605078125
1608,0.9012870192527772,0.720703125
1609,0.8484276533126831,0.61953125
1610,0.6311179399490356,0.49375
1611,0.5968767404556274,0.502734375
1612,0.3118439018726349,0.445703125
1613,0.32017195224761963,0.613671875
1614,0.7052841186523438,0.533984375
1615,0.4859921038150787,0.42578125
1616,0.4457910358905792,0.461328125
1617,0.3463588654994965,0.525
1618,0.19567656517028809,0.209375
1619,0.7771105766296387,0.414453125
1620,0.430724024772644,0.403515625
1621,0.12281636893749236,0.336328125
1622,0.5668233036994934,0.371875
1623,0.12207265943288804,0.39375
1624,0.457984060049057,0.57109375
1625,0.3055550456047058,0.394140625
1626,0.6047371029853821,0.48046875
1627,0.42296645045280457,0.39921875
1628,0.035774197429418564,0.496875
1629,0.6688032150268555,0.51328125
1630,0.6745582222938538,0.51640625
1631,0.33553919196128845,0.318359375
1632,0.2849584519863129,0.319140625
1633,0.1890910118818283,0.456640625
1634,0.06904780119657516,0.429296875
1635,0.4777450561523438,0.507421875
1636,0.07159511744976044,0.33828125
1637,0.5349308252334595,0.314453125
1638,0.8219985365867615,0.52421875
1639,0.5323562622070312,0.353125
1640,0.16971823573112488,0.308203125
1641,0.4716586768627167,0.455859375
1642,0.8509799838066101,0.631640625
1643,0.03223162516951561,0.4515625
1644,0.4987991750240326,0.42265625
1645,0.7838066220283508,0.534375
1646,0.1212070658802986,0.3734375
1647,0.009809625335037708,0.4484375
1648,0.8995410203933716,0.680859375
1649,0.7054671049118042,0.6734375
1650,0.5506971478462219,0.45546875
1651,0.3909887075424193,0.451953125
1652,0.5694180727005005,0.68046875
1653,0.8342320322990417,0.58984375
1654,0.8171126246452332,0.55390625
1655,0.9007866978645324,0.728125
1656,0.3792419135570526,0.390625
1657,0.4808709919452667,0.327734375
1658,0.003159810556098819,0.429296875
1659,0.06953102350234985,0.397265625
1660,0.5214898586273193,0.541015625
1661,0.7882401943206787,0.425390625
1662,0.41589221358299255,0.280078125
1663,0.0,0.374609375
1664,0.0023553536739200354,0.34921875
1665,0.3124591410160065,0.441796875
1666,0.8452487587928772,0.43203125
1667,0.8883463740348816,0.7203125
1668,0.003467809408903122,0.43984375
1669,0.4889883697032929,0.340625
1670,0.0,0.34921875
1671,0.17976070940494535,0.42734375
1672,0.17071659862995148,0.446484375
1673,0.8863048553466797,0.341015625
1674,0.17100240290164948,0.306640625
1675,0.4496023058891296,0.394140625
1676,0.00431120442226529,0.42734375
1677,0.7251455783843994,0.5921875
1678,0.5153805017471313,0.4078125
1679,0.16471900045871735,0.4234375
1680,0.05918872356414795,0.4453125
1681,0.8067387938499451,0.55859375
1682,0.09641101211309433,0.45625
1683,0.8992692232131958,0.655859375
1684,0.8682228922843933,0.419921875
1685,0.4538025259971618,0.403125
1686,0.5153439044952393,0.516796875
1687,0.45061194896698,0.42265625
1688,0.6406639218330383,0.487109375
1689,0.5895166993141174,0.4578125
1690,0.5025687217712402,0.518359375
1691,0.07094913721084595,0.46796875
1692,0.4717408120632172,0.41953125
1693,0.4588738083839417,0.472265625
1694,0.2180767804384232,0.423828125
1695,0.8451467156410217,0.676953125
1696,0.3170900046825409,0.400390625
1697,0.4113660454750061,0.4421875
1698,0.5555270314216614,0.64453125
1699,0.901363730430603,0.722265625
1700,0.7240331172943115,0.721875
1701,0.10969702154397963,0.4328125
1702,0.0,0.440625
1703,0.620028018951416,0.446484375
1704,0.61460942029953,0.48828125
1705,0.8050527572631836,0.414453125
1706,0.06911516189575195,0.295703125
1707,0.3848586976528168,0.75390625
1708,0.7767133712768555,0.489453125
1709,0.7900464534759521,0.554296875
1710,0.8106675744056702,0.734765625
1711,0.2321948707103729,0.340625
1712,0.8103619813919067,0.596875
1713,0.901072084903717,0.72265625
1714,0.4485984742641449,0.369140625
1715,0.3587484955787659,0.350390625
1716,0.4104327559471129,0.271484375
1717,0.9000849723815918,0.724609375
1718,0.6138088703155518,0.519140625
1719,0.5292404294013977,0.618359375
1720,0.9035224318504332,0.717578125
1721,0.8995605111122131,0.725390625
1722,0.515934944152832,0.401953125
1723,0.7237045168876648,0.548046875
1724,0.4746907651424408,0.41875
1725,0.1250249296426773,0.48984375
1726,0.3225693702697754,0.44296875
1727,0.4845841228961945,0.43203125
1728,0.0629645362496376,0.4328125
1729,0.8989339470863342,0.69609375
1730,0.9007087349891663,0.7203125
1731,0.7534098625183105,0.534375
1732,0.17833246290683746,0.371484375
1733,0.15100857615470886,0.48984375
1734,0.8838992714881897,0.54765625
1735,0.8704115748405457,0.7171875
1736,0.7604533433914185,0.5796875
1737,0.6283373832702637,0.426171875
1738,0.055299218744039536,0.424609375
1739,0.6170076131820679,0.5234375
1740,0.6128693222999573,0.4953125
1741,0.3934160768985748,0.422265625
1742,0.7431278228759766,0.608203125
1743,0.7954035997390747,0.57265625
1744,0.3381269872188568,0.271484375
1745,0.782908022403717,0.543359375
1746,0.7025020122528076,0.501953125
1747,0.22828590869903564,0.42265625
1748,0.6121606230735779,0.53515625
1749,0.531595766544342,0.42890625
1750,0.8095578551292419,0.64609375
1751,0.5464140176773071,0.398828125
1752,0.0013538707280531526,0.4125
1753,0.20827220380306244,0.448828125
1754,0.6383962035179138,0.38828125
1755,0.6652594804763794,0.5625
1756,0.2256980836391449,0.44296875
1757,0.5245270133018494,0.534765625
1758,0.6518823504447937,0.41484375
1759,0.706673800945282,0.58671875
1760,0.4401256144046784,0.362890625
1761,0.5876636505126953,0.49140625
1762,0.002510715974494815,0.36484375
1763,0.769902765750885,0.54453125
1764,0.7209235429763794,0.4125
1765,0.7295950055122375,0.3375
1766,0.02239941619336605,0.475390625
1767,0.33315619826316833,0.45
1768,0.14561255276203156,0.434375
1769,0.6867325901985168,0.483203125
1770,0.8171706199645996,0.614453125
1771,0.612396240234375,0.462890625
1772,0.5376961827278137,0.4015625
1773,0.3870263695716858,0.42734375
1774,0.0959005355834961,0.42578125
1775,0.899463951587677,0.7203125
1776,0.3792742192745209,0.417578125
1777,0.6786350011825562,0.590625
1778,0.4319692552089691,0.46875
1779,0.5192649364471436,0.415234375
1780,0.7766717076301575,0.54375
1781,0.4948832094669342,0.521484375
1782,0.17793335020542145,0.33046875
1783,0.8241370320320129,0.417578125
1784,0.032849568873643875,0.36875
1785,0.8056991100311279,0.676171875
1786,0.5111977458000183,0.43984375
1787,0.21633079648017886,0.3734375
1788,0.16136488318443298,0.391015625
1789,0.6748506426811218,0.581640625
1790,0.4384754002094269,0.448828125
1791,0.6513975858688354,0.486328125
1792,0.521486759185791,0.393359375
1793,0.8204939961433411,0.592578125
1794,0.4478719234466553,0.586328125
1795,0.2767830491065979,0.538671875
1796,0.5051020383834839,0.420703125
1797,0.4686203598976135,0.44609375
1798,0.01336893904954195,0.44765625
1799,0.7896636724472046,0.528515625
1800,0.8993245363235474,0.710546875
1801,0.6921515464782715,0.51171875
1802,0.4333145916461945,0.39140625
1803,0.8867791295051575,0.355078125
1804,0.7487010359764099,0.505078125
1805,0.10082501918077467,0.342578125
1806,0.491544246673584,0.3609375
1807,0.8348725438117981,0.6640625
1808,0.4878681600093842,0.4890625
1809,0.0011704732896760106,0.439453125
1810,0.8241864442825317,0.462109375
1811,0.04114801809191704,0.42421875
1812,0.7385916709899902,0.499609375
1813,0.04026295617222786,0.391796875
1814,0.0,0.368359375
1815,0.2951816022396088,0.441796875
1816,0.3977576792240143,0.396484375
1817,0.009601697325706482,0.44921875
1818,0.4377025067806244,0.458203125
1819,0.3872787058353424,0.275
1820,0.5724393129348755,0.369921875
1821,0.7191947102546692,0.554296875
1822,0.3687380254268646,0.35859375
1823,0.7940578460693359,0.598046875
1824,0.2928865849971771,0.38359375
1825,0.1315828561782837,0.435546875
1826,0.4876162111759186,0.538671875
1827,0.4839615225791931,0.28984375
1828,0.6104208827018738,0.330078125
1829,0.5858821868896484,0.40703125
1830,0.2906145751476288,0.499609375
1831,0.3396015763282776,0.55390625
1832,0.3624877035617829,0.332421875
1833,0.02820856310427189,0.434765625
1834,0.8984145522117615,0.728515625
1835,0.9002431035041809,0.727734375
1836,0.2772016525268555,0.440625
1837,2.2194602934177965e-05,0.448046875
1838,0.3508308827877045,0.46328125
1839,0.03273080661892891,0.453125
1840,0.6904176473617554,0.495703125
1841,0.7962438464164734,0.403515625
1842,0.8548668622970581,0.583203125
1843,0.8577216863632202,0.554296875
1844,0.5238121151924133,0.610546875
1845,0.4977424144744873,0.471484375
1846,0.6963236927986145,0.495703125
1847,0.7187811732292175,0.55625
1848,0.05255292356014252,0.468359375
1849,0.3865073621273041,0.389453125
1850,0.4584575593471527,0.50703125
1851,0.7244906425476074,0.514453125
1852,0.571843147277832,0.4328125
1853,0.7242352366447449,0.54140625
1854,0.3837057650089264,0.379296875
1855,0.8996379375457764,0.723046875
1856,0.5803098678588867,0.575390625
1857,0.07348749786615373,0.477734375
1858,0.4809547066688538,0.3921875
1859,0.32748836278915405,0.428125
1860,0.3490603566169739,0.4953125
1861,0.4695692658424378,0.35703125
1862,0.22382788360118866,0.4515625
1863,0.2703131437301636,0.34921875
1864,4.438920586835593e-05,0.471875
1865,0.6311700940132141,0.428125
1866,0.22533167898654935,0.421484375
1867,0.8181721568107605,0.6203125
1868,0.3324428498744965,0.470703125
1869,0.5569891333580017,0.396875
1870,0.6619400382041931,0.56484375
1871,0.8139886260032654,0.603125
1872,0.07294626533985138,0.452734375
1873,0.782699704170227,0.573046875
1874,0.10287276655435562,0.52265625
1875,0.2602729797363281,0.3578125
1876,0.16803495585918427,0.522265625
1877,0.7788300514221191,0.581640625
