val_error,train_error
0.66328125,0.8502199054
0.344921875,0.6784076691
0.452734375,0.0582954884
0.417578125,0.1105489731
0.54765625,0.7767332196
0.257421875,0.2835232019
0.46015625,0.5819681883
0.420703125,0.3705583513
0.454296875,0.4767186642
0.44375,0.1025122032
0.469140625,0.6066657305
0.5515625,0.5169858932
0.414453125,0.2711873055
0.386328125,0.0582651123
0.346484375,0.3866634369
0.67109375,0.8832315207
0.44609375,0.4442565441
0.719921875,0.9001488686
0.425390625,0.5806446671
0.396875,0.0819187239
0.519921875,0.108956039
0.661328125,0.8364659548
0.390234375,0.3838778436
0.463671875,0.395262897
0.405859375,0.6246616244
0.723046875,0.9000573754
0.665234375,0.8853453994
0.40078125,0.0226240885
0.38671875,0.813103199
0.451953125,0.5719696879
0.566796875,0.8111940026
0.44609375,0.5915418267
0.4828125,0.3622186482
0.583203125,0.6535477638
0.4265625,0.269467026
0.721484375,0.8991948366
0.45390625,0.587915957
0.449609375,0.4611625671
0.4375,0.6910998225
0.53046875,0.0628726408
0.42734375,0.2988584936
0.5125,0.5827450156
0.5140625,0.3661439717
0.514453125,0.2982697487
0.47734375,0.4490754604
0.561328125,0.320884496
0.456640625,0.627671957
0.4203125,0.4225506186
0.401171875,0.0002885298
0.384375,0.3362957537
0.450390625,0.5993216634
0.625,0.8192767501
0.540234375,0.7133461833
0.33125,0.6349961758
0.401171875,0.6699370742
0.425390625,0.3521839678
0.523046875,0.6687327623
0.4484375,0.0073129274
0.41015625,0.5874946713
0.48828125,0.1100715995
0.541015625,0.6501464844
0.386328125,0.3095076382
0.546875,0.6660775542
0.3546875,0.0088221598
0.716796875,0.9005674124
0.417578125,0.6127291322
0.365625,0.6986732483
0.7296875,0.8995328546
0.36328125,0.4243012369
0.503515625,0.3555575311
0.453515625,0.8770555258
0.440234375,0.7247507572
0.340234375,0.1270726621
0.336328125,0.4924624264
0.43828125,0.3018707335
0.3640625,0.0613696314
0.551171875,0.5710231066
0.412890625,0.3131899834
0.481640625,0.7848533392
0.458203125,0.6942207217
0.3046875,0.4401423335
0.729296875,0.9007149935
0.435546875,0.8037483096
0.426953125,0.2198044509
0.59140625,0.777726531
0.483203125,0.7353106737
0.731640625,0.9000596404
0.374609375,0.3892489374
0.478515625,0.0491680503
0.439453125,0.3679670393
0.7125,0.8788607717
0.326953125,0.4352626503
0.3921875,0.5123974085
0.435546875,0.0106144715
0.50703125,0.4565686882
0.3578125,0.1969424486
0.72890625,0.8974131346
0.398046875,0
0.441796875,0.6233330965
0.31015625,0.1527206749
0.327734375,0.0005770597
0.3625,0.2251369804
0.447265625,0.0370533057
0.3984375,0.0188038908
0.40234375,0.2608309686
0.516015625,0.5702697039
0.591015625,0.7697610259
0.419140625,0.4245613515
0.429296875,0.0123760216
0.7046875,0.8480620384
0.409375,0.4052699506
0.476953125,0.7497749329
0.405859375,0.3420838416
0.44921875,0.611872077
0.446875,0.0107281702
0.400390625,0.2622837424
0.387109375,0.1941175014
0.719140625,0.8927802444
0.5046875,0.3745140731
0.5890625,0.6977103353
0.496875,0.4368267655
0.6,0.7816826701
0.450390625,0.7207922935
0.42265625,0.4680074453
0.368359375,0.1707446426
0.45390625,0.3357120454
0.719140625,0.9000935555
0.6390625,0.8828152418
0.385546875,0.0053294301
0.57421875,0.7411887646
0.331640625,0.0008655895
0.459765625,0.2844401896
0.690625,0.8983452916
0.421484375,0.3875816166
0.428125,0.5107160807
0.6703125,0.8521652222
0.416015625,0.7189256549
0.4421875,0.5752179027
0.352734375,2.2194602934178E-005
0.6625,0.5728489161
0.47109375,0.5098976493
0.36015625,0.2188446224
0.39296875,0.8323790431
0.546484375,0.6859199405
0.449609375,0.0664763451
0.33515625,0
0.51484375,0.2354933023
0.53125,0.521881938
0.286328125,0.1348485649
0.45390625,0.0024468575
0.48515625,0.6758859754
0.427734375,0.5160436034
0.50703125,0.6264076233
0.44296875,0.6801018119
0.33125,0.0428040437
0.400390625,0.3468506336
0.396875,0.3833066523
0.489453125,0.6569874883
0.668359375,0.8796496391
0.446875,0.0021306819
0.501953125,0.7440709472
0.406640625,0.3603235483
0.5578125,0.6721343398
0.3671875,0.1138252169
0.417578125,0.7911363244
0.555078125,0.5993987322
0.717578125,0.899266541
0.467578125,0.7919883132
0.471875,2.2194602934178E-005
0.4328125,0.4712868333
0.520703125,0.825615108
0.3765625,0.4776001871
0.415625,0.3200784922
0.458984375,0.0726110116
0.535546875,0.8872234225
0.519140625,0.7642072439
0.735546875,0.7498968244
0.727734375,0.8936100006
0.48828125,0.8517045975
0.447265625,0.378080368
0.428515625,0.4436599612
0.454296875,0.840860486
0.400390625,0.5643160939
0.355859375,0.3771548271
0.676171875,0.8961180449
0.381640625,0.6404358149
0.421875,0.2859377563
0.56171875,0.7372806072
0.35390625,0.0794660226
0.55859375,0.5392392874
0.458203125,0.6949363947
0.3828125,0.3440642357
0.487109375,0.3367984295
0.39140625,0.4738948643
0.33828125,0.0837639868
0.525390625,0.5209435225
0.58515625,0.7873083949
0.370703125,0.6251280904
0.482421875,0.3740534484
0.6390625,0.8042478561
0.33359375,0.7249263525
0.435546875,0.5578835607
0.71484375,0.8795666695
0.41953125,0.5696918368
0.45078125,0.2452305108
0.683984375,0.8984753489
0.46171875,0.4744793475
0.45625,0.2832467556
0.503515625,0.6425777674
0.60625,0.3607647121
0.28828125,0.0819097683
0.6109375,0.8539073467
0.52421875,0.7179506421
0.39765625,0.8262645602
0.409765625,0.4438873827
0.420703125,0.134946689
0.4265625,0.5746642351
0.346875,0.3744763136
0.4828125,0.1448392421
0.458984375,0.1123518124
0.422265625,0.577947855
0.587109375,0.8431013823
0.41484375,0.5757564306
0.558203125,0.5902829766
0.4640625,0.8228108287
0.528125,0.8761962056
0.537890625,0.7409142852
0.42734375,0.7321454287
0.481640625,0.6743728518
0.403515625,0.2004016787
0.412109375,0.7353570461
0.43828125,0.4854021966
0.71328125,0.1798584461
0.565625,0.5304502249
0.46328125,0.7970346212
0.470703125,0.608101368
0.362109375,0.6769151688
0.7171875,0.8843217492
0.45703125,0.4007422328
0.6484375,0.8329015374
0.42890625,0.1801777333
0.4109375,0.7540421486
0.416796875,0.2492095679
0.553515625,0.155230999
0.423046875,0.2525971532
0.487890625,0.602966249
0.512109375,0.7017968297
0.51953125,0.8169981837
0.4453125,0.283288002
0.368359375,0.7324448824
0.685546875,0.8208825588
0.448046875,0.3872934878
0.40859375,0.0368481018
0.40859375,0.1960573941
0.41171875,0.0951630548
0.449609375,0.1003865823
0.431640625,0.000110973
0.34609375,0.0001553622
0.505078125,0.0931569785
0.429296875,0.1289891899
0.51484375,0.4529042244
0.534765625,0.7084801793
0.4609375,0.6307932138
0.5578125,0.698346138
0.715234375,0.8995600939
0.457421875,0.2264990509
0.5234375,0.5959286094
0.421484375,0.3512350619
0.61484375,0.7690865993
0.462890625,0.4742900729
0.75078125,0.8167991638
0.550390625,0.7270956039
0.53984375,0.246604234
0.522265625,0.8149928451
0.5015625,0.1669384688
0.3359375,0.5575572252
0.603515625,0.8887599111
0.3296875,0.6194580197
0.3484375,0.0081866933
0.63203125,0.1276458353
0.615234375,0.8983842134
0.316796875,0.2953003645
0.61796875,0.6195140481
0.4796875,0.5295683146
0.72421875,0.7582809329
0.309375,0.5002496243
0.441796875,0.4599259198
0.36953125,0.0005548651
0.483203125,0.1611791551
0.458203125,0.5082116127
0.346484375,0.4677357078
0.45625,0.5875421762
0.418359375,0.4992586076
0.726171875,0.9014443159
0.4578125,0.5192146897
0.503125,0.6943192482
0.365234375,0.122022815
0.33125,0.0170536321
0.760546875,0.9041770101
0.455859375,0.2787661552
0.55078125,0.7571607232
0.440234375,0.104117617
0.530078125,0.8172232509
0.579296875,0.6732888222
0.440625,0.4751778543
0.401171875,0.460727632
0.40390625,0.5487467647
0.61171875,0.8704968691
0.46328125,0.5660110712
0.5703125,0.3815890849
0.323046875,0.4814091325
0.418359375,0.46438393
0.43515625,0.3920879066
0.655859375,0.8231378198
0.553515625,0.8187265396
0.3921875,0.0337459221
0.50390625,0.5355129242
0.480859375,0.3939588964
0.312890625,0.2964104712
0.5921875,0.8043363094
0.46640625,0.7207927108
0.457421875,0.7299617529
0.4203125,0.1600643694
0.444140625,0.7196888328
0.4140625,0.0829949677
0.707421875,0.8811619878
0.38671875,0.4325993061
0.431640625,0.354499191
0.330859375,0.2484662384
0.47734375,0.4910396338
0.66015625,0.8525842428
0.487890625,0.3278594613
0.44765625,0.5280672312
0.7046875,0.8413094282
0.538671875,0.7384210229
0.47265625,0.6672269702
0.471484375,0.5091998577
0.391015625,0
0.50390625,0.1557695121
0.3609375,0.316693604
0.598046875,0.8746476173
0.457421875,0.3989752531
0.541796875,0.6297418475
0.446484375,0.3413981497
0.33125,0.3037623465
0.462109375,0.2453239411
0.73125,0.9023320675
0.725390625,0.9016000628
0.326171875,0.2490374744
0.448046875,0.1325819939
0.481640625,0.7568975091
0.362109375,0.1545733362
0.44609375,0.495714128
0.462109375,0.617955327
0.434375,0.1849265993
0.4171875,0.0560148954
0.37421875,0.5518735051
0.709375,0.8997380733
0.337109375,0.4950424135
0.425390625,0.5776324272
0.40703125,0.403119415
0.48984375,0.6019752622
0.40546875,0.0192785431
0.361328125,0.4451813102
0.473828125,0.5807338357
0.57265625,0.7840671539
0.492578125,0.8059066534
0.458203125,0.4514904022
0.43125,0.8440949917
0.481640625,0.3467276096
0.565625,0.5774042606
0.46171875,0.5763810277
0.4453125,0.5869876742
0.728125,0.900703311
0.48125,0.3704894483
0.551953125,0.5325894952
0.444921875,0.0705328956
0.723046875,0.9002956152
0.61171875,0.6604163647
0.477734375,0.5539796352
0.42890625,0.6494503021
0.49140625,0.7046880126
0.721484375,0.9023461342
0.7203125,0.8994047046
0.35546875,0.0903826579
0.50078125,0.8329167366
0.344921875,0
0.416796875,0.4843968153
0.624609375,0.8341708779
0.4625,0.4430170953
0.596875,0.8963340521
0.481640625,0.3659286499
0.342578125,0.1274550408
0.5734375,0.7702550888
0.416015625,0.3065619767
0.723828125,0.8991143107
0.65234375,0.8265585899
0.48125,0.3423747122
0.44609375,0.5062717199
0.400390625,0.5684691668
0.430859375,0.1805016994
0.498046875,0.5604453087
0.598828125,0.8258658648
0.2875,0.2127103508
0.46484375,0.6049170494
0.7,0.8262860179
0.484375,0.1865082532
0.4015625,0.7529242635
0.3171875,0.1130094677
0.33359375,0.4177717566
0.35390625,0.2298457474
0.411328125,0.2791574895
0.64140625,0.8031522036
0.5625,0.7443844676
0.50390625,0.6414493322
0.43828125,0.1590204388
0.639453125,0.7883573174
0.443359375,0.2268202752
0.37421875,0.2386056185
0.271484375,0.2478669882
0.4984375,0.2762519419
0.401171875,0.6894570589
0.591015625,0.797124207
0.3953125,0.4750540555
0.71171875,0.9004039168
0.439453125,0.5773046017
0.344140625,0.0160712302
0.51484375,0.4916680753
0.56171875,0.8073719144
0.475,0.1019230708
0.497265625,0.5535314679
0.391015625,0.3327668011
0.396875,0.5105728507
0.565234375,0.8962512016
0.56171875,0.5327187777
0.55859375,0.7178272009
0.4375,0.2508963645
0.505078125,0.1944095343
0.46484375,0.0373028964
0.296875,0.3639887571
0.473828125,0.6680455208
0.3609375,0.0900053456
0.426953125,0.5626121759
0.3640625,0.1681369692
0.642578125,0.8694210052
0.68984375,0.7374514937
0.586328125,0.8427298665
0.510546875,0.0059064901
0.50078125,0.6640983224
0.39375,0.7144925594
0.34453125,0.7524411082
0.580859375,0.7464188933
0.51015625,0.653480351
0.730078125,0.903239727
0.471875,0.7713757753
0.41328125,0.1970756054
0.384765625,0.0150117278
0.597265625,0.8381690383
0.355859375,0.5836210847
0.390625,0.021106679
0.608203125,0.5916295052
0.7,0.552447021
0.460546875,0.6589402556
0.523046875,0.7321691513
0.61015625,0.7578931451
0.42265625,0.0212869607
0.562109375,0.6110314131
0.378515625,0.0634060875
0.458984375,0.2416373193
0.438671875,0.7734145522
0.327734375,0.1843826324
0.387109375,0.0483024605
0.4421875,0.5678501129
0.6984375,0.9001569748
0.433203125,0.1987791508
0.40078125,0
0.303125,0.6438650489
0.43046875,0.179955408
0.45,0.2605358362
0.53671875,0.6551566124
0.30078125,0.1270469725
0.55625,0.7510482073
0.35546875,0.44499439
0.623828125,0.8861023784
0.529296875,0.8103599548
0.4234375,0.4025092721
0.588671875,0.8158479333
0.440234375,0.413734287
0.428515625,0.5184378624
0.455078125,0.6356775761
0.520703125,0.0029102184
0.447265625,0.2439186871
0.44921875,0.3649080992
0.548046875,0.8623658419
0.362109375,0.2580399215
0.502734375,0.6615872383
0.444921875,0.5067946911
0.73046875,0.9000713229
0.442578125,0.0194307901
0.417578125,0.4649165869
0.645703125,0.7049188614
0.29921875,0.2741193175
0.3609375,0.3763262331
0.468359375,0.348849684
0.609375,0.8806837797
0.68515625,0.8520204425
0.401953125,0.6052970886
0.695703125,0.8276180029
0.558203125,0.8456895351
0.350390625,0.5291399956
0.457421875,0.0023748225
0.42890625,0.034106873
0.399609375,0.1861391366
0.70859375,0.8998739123
0.4546875,0.3032012582
0.373046875,0.2723550498
0.396875,0.0982668027
0.311328125,0.4465534687
0.305859375,0.1080550104
0.33671875,0.3621734679
0.334765625,0.0013094816
0.452734375,0.3660676479
0.476171875,0.7129603624
0.450390625,0.0360463709
0.38046875,0.0219609756
0.604296875,0.5580291748
0.429296875,0.375171721
0.591015625,0.7883012891
0.562109375,0.8662385941
0.4921875,0.4936297834
0.425390625,0.4750404358
0.5140625,0.0138490433
0.45703125,0.8296937943
0.556640625,0.7508434057
0.386328125,0.489068985
0.47734375,0.0873700306
0.361328125,0.5085056424
0.53828125,0.8878421187
0.41015625,0.5460693836
0.703515625,0.7663796544
0.594140625,0.5315214396
0.375,0.8107641339
0.64140625,0.8558967113
0.4234375,0.4653522968
0.6859375,0.8521820903
0.355859375,0.4516029358
0.43984375,0.0673812628
0.414453125,0.3525784016
0.436328125,0.2987518311
0.45703125,0.0202994943
0.71796875,0.5045833588
0.41796875,0.272521317
0.36875,0.1394872367
0.436328125,0.5187345743
0.536328125,0.6672441363
0.4109375,0.2870311141
0.66015625,0.8512296081
0.467578125,0.4853519797
0.395703125,0.0118460767
0.4109375,0.7660463452
0.350390625,0.1086772382
0.566796875,0.5266522169
0.517578125,0.0822485313
0.469921875,0.6210902333
0.408203125,0.0239915885
0.398046875,0.8613114357
0.712109375,0.6962980628
0.403515625,0.2462495118
0.4453125,0.4750295281
0.41796875,0.762611568
0.516796875,0.0279200338
0.41484375,0.2323642522
0.46484375,0.7629666924
0.484765625,0.4565161169
0.45390625,0.426885128
0.402734375,0.5857517719
0.462890625,0.3908571005
0.56171875,0.7395884395
0.47578125,0.6798078418
0.46484375,0.4285049438
0.457421875,0.2662040293
0.559375,0.8866164088
0.28046875,0.2450704575
0.39453125,0.015316613
0.496484375,0.33327806
0.51484375,0.6869077682
0.515234375,0.5805310011
0.3328125,0.1986370087
0.4421875,0.4994420409
0.340625,0.8697594404
0.634765625,0.1701757461
0.388671875,0.4048396945
0.5671875,0.5650897622
0.423046875,0.8006854653
0.548828125,0.1606955528
0.401171875,0.570422709
0.562890625,0.7946847677
0.4546875,0.8212458491
0.4171875,0.0978532732
0.353515625,0.3549948931
0.510546875,0.7169748545
0.415625,0.0905099809
0.403515625,0.6350564957
0.57265625,0.6328207254
0.440625,0.3372586668
0.60546875,0.7988168597
0.5671875,0.1162128896
0.523046875,0.6719766259
0.534765625,0.5161709189
0.44765625,0.1684983224
0.417578125,0.6076103449
0.395703125,0.3272165954
0.46171875,0.5410596132
0.29765625,0.2516700625
0.366015625,0.4443620443
0.322265625,0.4598535001
0.444140625,0.4750205576
0.426953125,0.0048076622
0.470703125,0.5701236725
0.518359375,0.6420922279
0.435546875,0.4232125282
0.394921875,0.0132470625
0.472265625,0.6032438278
0.418359375,0.0634387955
0.565625,0.301218152
0.35546875,0.5639711022
0.4671875,0.1783184558
0.559375,0.7649922967
0.505859375,0.3735257983
0.35390625,0.4701961875
0.56484375,0.7656475902
0.573046875,0.8892847896
0.591796875,0.724059999
0.685546875,0.8780017495
0.385546875,0.1893596649
0.351171875,0.1886638552
0.63515625,0.7834188342
0.382421875,0.1474823505
0.397265625,0.689933598
0.52578125,0.5204688907
0.50546875,0.8127507567
0.31875,0.0375162773
0.35703125,0.3622264266
0.45390625,0.3175592124
0.428515625,0.0064473376
0.555078125,0.7692424059
0.4375,0.0600352287
0.432421875,0.521247685
0.436328125,0.3200033605
0.43671875,0.5778049231
0.4796875,0.0833080262
0.377734375,0.4507984817
0.373046875,0.0027353875
0.724609375,0.8998626471
0.659375,0.8380576968
0.40390625,0.3527676165
0.45234375,0.2873737812
0.657421875,0.8608959913
0.43359375,0.4724931121
0.459375,0.402081728
0.2859375,0.1851878613
0.51171875,0.759734869
0.47890625,0.3508366942
0.378125,0.4144059718
0.729296875,0.8988475204
0.394140625,0.2574519217
0.39765625,0.0245269835
0.4109375,0.2465096265
0.636328125,0.7642427087
0.518359375,0.0292766299
0.37109375,0.2801640332
0.3890625,0.0642159954
0.463671875,0.6741466522
0.45703125,0.3753220141
0.512109375,0.2326889932
0.421875,0.1069729254
0.455859375,0.1364578754
0.39921875,0.8320737481
0.442578125,0.395179987
0.4546875,0.232683152
0.353125,0.0402567275
0.463671875,0.3248219192
0.381640625,0.0675311685
0.68671875,0.6340273619
0.437109375,0.5784003139
0.380078125,0.8785538673
0.369140625,0.0982255191
0.400390625,0.3026390076
0.425,0.2363923788
0.3359375,0.0659553558
0.4734375,0.6928956509
0.6546875,0.8011465073
0.329296875,0.356346041
0.61015625,0.7497282028
0.63125,0.8439006805
0.41796875,0.189598754
0.426171875,0.4625499249
0.564453125,0.7524994016
0.40625,0.1175761074
0.38671875,0.3855334818
0.48125,0.4831433892
0.715625,0.8677283525
0.45703125,0.0611387342
0.459765625,0.5725502968
0.33359375,0.6985630989
0.455859375,0.3816440105
0.39765625,0.6407274008
0.408984375,0.4469260871
0.43046875,0.7974618077
0.527734375,0.7104862332
0.36640625,0.7219211459
0.55703125,0.7480573654
0.4609375,0.3119490445
0.433984375,0.473983258
0.653125,0.8692208529
0.428515625,0.6294283867
0.478125,0.0673508868
0.548046875,0.5478562713
0.726953125,0.8996438384
0.451953125,0.095636934
0.6046875,0.6806656718
0.487890625,0.7177271247
0.32265625,0.0002024771
0.721875,0.8865271807
0.28671875,0.1226088256
0.72421875,0.9002232552
0.623046875,0.7996843457
0.4203125,0.0837519169
0.515234375,0.7235280871
0.41015625,0.2885313928
0.35390625,0.0036453663
0.366015625,0.1190798879
0.7140625,0.7572600245
0.497265625,0.0343954042
0.441015625,0.0037563394
0.54921875,0.708774507
0.418359375,0.0436661281
0.4171875,0.0145619959
0.55859375,0.7447702289
0.265625,0.1193127334
0.55234375,0.6652882695
0.56171875,0.5291711092
0.46015625,0.614471972
0.455859375,0.4623953402
0.369140625,0.0154719753
0.43515625,0.2076180428
0.423828125,0.0212842356
0.433984375,0.0701855645
0.4921875,0.0492066033
0.615625,0.5807108879
0.680078125,0.4984327853
0.46484375,0.615196228
0.36328125,0
0.446484375,0.5475591421
0.401953125,0.4095309079
0.47265625,0.0395500064
0.6546875,0.8939234614
0.442578125,0.0039615417
0.336328125,0.0818879604
0.48828125,0.2820591331
0.412109375,0.8363822103
0.5578125,0.6152203679
0.68125,0.8166106939
0.469140625,0.454546243
0.403515625,0.0222245846
0.717578125,0.8994939327
0.55859375,0.7053896785
0.419140625,0.165801093
0.34296875,0.501689136
0.5421875,0.5545663834
0.379296875,0.5525108576
0.59765625,0.8172068596
0.728125,0.9007005692
0.36953125,0.3747336864
0.429296875,0.1852704287
0.7015625,0.9013309479
0.561328125,0.1334888488
0.41484375,0.2205399871
0.35234375,0.039255634
0.63828125,0.7788856626
0.449609375,0.7334381938
0.465234375,0.530880928
0.41015625,0.504832983
0.437890625,0.451380223
0.36015625,0.3413681984
0.45546875,0.0109360991
0.39765625,0.3083764911
0.409765625,0.5605788231
0.390625,0.1341858357
0.6140625,0.7673530579
0.350390625,0.6867263317
0.298046875,0.2636321783
0.483984375,0.6109045148
0.426953125,0.4050787687
0.4,0.2561447918
0.4390625,0.1370512843
0.43359375,0.6537163258
0.486328125,0.6605740786
0.41640625,0.1328627318
0.468359375,0.5899360776
0.356640625,0.6786350012
0.332421875,0.1717959642
0.64609375,0.8879616857
0.428515625,0.6557776928
0.41484375,0.0184736978
0.41640625,0.5971687436
0.495703125,0.605011642
0.371484375,0.0002441406
0.440625,0.0886573195
0.44296875,0.4160818458
0.48671875,0.5026388168
0.351171875,0
0.4265625,0.0128643028
0.36015625,0.4084126353
0.48359375,0.3513658941
0.633203125,0.8604018092
0.438671875,0.0085558249
0.53359375,0.6124141216
0.44921875,0.0407816097
0.37734375,0.3461980224
0.621484375,0.5683831573
0.464453125,0.0507687889
0.55390625,0.8371068239
0.384375,0.3588209152
0.73203125,0.8996632695
0.375,0.1090144366
0.4125,0.0122288372
0.386328125,0.2803528905
0.646875,0.8263790011
0.42890625,0.2685406804
0.437109375,0.6017490625
0.461328125,0.6816729903
0.465234375,0.7257031798
0.64453125,0.777589798
0.373828125,0.3779242337
0.420703125,0.3647410274
0.394140625,0.0288331248
0.361328125,0.1319519728
0.5453125,0.6453769803
0.434375,0.6465969086
0.558203125,0.3575936258
0.621875,0.8407931328
0.45703125,0
0.718359375,0.9006227255
0.483203125,0.3424572647
0.427734375,0.7733923793
0.340234375,0.2349018455
0.43203125,0.2189754695
0.722265625,0.9009007812
0.721484375,0.90190804
0.699609375,0.8184547424
0.680859375,0.8355750442
0.401171875,0.3482418954
0.3890625,0.6465665698
0.718359375,0.900598228
0.37734375,0.7686345577
0.643359375,0.7797843814
0.403515625,0.3358689845
0.438671875,0.1876619756
0.42109375,0.5281338096
0.350390625,0
0.3875,0.0154583454
0.433984375,0.3820349276
0.43828125,0.2321859151
0.307421875,0.0753572956
0.407421875,0.8709275126
0.3484375,0.1566179693
0.519140625,0.2742824554
0.43984375,0.0410701409
0.309375,0.2499053925
0.495703125,0
0.72890625,0.8992248178
0.722265625,0.8992801309
0.30625,0.4662922621
0.34609375,0.1195093766
0.468359375,0.0713015273
0.516796875,0
0.412109375,0.7651702166
0.52109375,0.8440362215
0.45234375,0.4688091874
0.496484375,0.5227206349
0.3828125,0.3381355703
0.393359375,0.0219609756
0.433984375,0.4585829377
0.36640625,0.0281256232
0.71875,0.6840692163
0.429296875,0.0028214403
0.45625,0.5049517751
0.408203125,0.7562888861
0.380078125,0.6416292191
0.417578125,0.2907488942
0.724609375,0.8987731338
0.576953125,0.7131273746
0.436328125,0.1224250421
0.462109375,0.6597673297
0.446875,0.3785429597
0.36953125,0.6256464124
0.546875,0.8434038162
0.360546875,0.0682885125
0.46015625,0.600928247
0.407421875,0.0347921811
0.365625,0.500397563
0.653125,0.8383567333
0.378515625,0.7039555907
0.360546875,0.2478747815
0.398828125,0
0.387109375,0.0022665751
0.4671875,0.5558571815
0.399609375,0.3631955981
0.328515625,0.0134078767
0.384375,0.3324844837
0.486328125,0.7619540095
0.473828125,0.6161801815
0.378515625,0.553809464
0.419140625,0.3947555423
0.719140625,0.0088139828
0.616796875,0.8349839449
0.423828125,0.5189039707
0.45859375,0.5730510354
0.4421875,0.8978343606
0.341015625,0.3701841831
0.36796875,0.2664477825
0.438671875,0.8560516238
0.68125,0.8495631218
0.54921875,0.6206553578
0.558203125,0.6564774513
0.415625,0.5462223887
0.582421875,0.6749865413
0.651171875,0.8856698275
0.3140625,0.0159493536
0.3875,0.3315215707
0.71015625,0.9002227783
0.481640625,0.5342427492
0.45078125,0.2131106257
0.391015625,0.3733825386
0.725,0.8994693756
0.40546875,0.4749617577
0.403125,0.1552481353
0.34296875,0.5552521348
0.33046875,0.0434258804
0.717578125,0.8995636702
0.454296875,0.7546775937
0.40078125,0.5003438592
0.54140625,0.467274636
0.471484375,0.389426887
0.344921875,0.3396397233
0.2875,0.2216917723
0.44921875,0.7083672285
0.444140625,0.1064149365
0.417578125,0.684196949
0.72578125,0.2485955209
0.473046875,0.5415615439
0.471875,0.8408545852
0.446484375,0.1142278314
0.716796875,0.9004260898
0.3875,0.5105919242
0.297265625,0.0815355778
0.454296875,0.1556164771
0.658203125,0.8099632263
0.4625,0.6552789211
0.423046875,0.3041926026
0.444140625,0.3690184057
0.458203125,0.6321914792
0.44609375,0.2772538066
0.401953125,0.2027492523
0.40859375,0.4567298889
0.596875,0.8810868263
0.496875,0.7815766931
0.4140625,0.5188654065
0.472265625,0.5963919759
0.36171875,0.5343093872
0.34296875,0.2435912341
0.553515625,0.6538047194
0.427734375,0.3037732244
0.500390625,0.3870228529
0.543359375,0.716999352
0.425390625,0.3788536787
0.548046875,0.2074915171
0.4484375,0.0585423559
0.53359375,0.0072186971
0.448046875,6.65838088025339E-005
0.4703125,0.206235379
0.52578125,0.6496220231
0.4265625,0.4423178136
0.44609375,0.0293377619
0.69765625,0.7316891551
0.537890625,0.8987638354
0.434765625,0.3066281676
0.489453125,0.6538054943
0.302734375,0.3365211785
0.3640625,0.1045895293
0.3484375,0.0002690609
0.37265625,0.8010931015
0.6359375,0.8437671661
0.430859375,0.7322532535
0.371484375,0.067778036
0.424609375,0.4238242507
0.437109375,0.3734744489
0.368359375,0.5042309761
0.3453125,0.0693787709
0.414453125,0.2681275308
0.5,0.7032005787
0.33203125,0.1726424694
0.485546875,0.6736280322
0.57421875,0.5426623225
0.497265625,0.663285315
0.45625,0.651940763
0.46171875,0.0066720094
0.5171875,0.4621114731
0.7109375,0.9009809494
0.446875,0.0328445099
0.39140625,0.0700808242
0.602734375,0.5664899945
0.406640625,0.0371058732
0.3828125,0.0314937532
0.51640625,0.6065321565
0.480078125,0.5188713074
0.4296875,0.1821526736
0.656640625,0.8627182841
0.48046875,0.7160819769
0.5234375,0.2019078135
0.5984375,0.8068723083
0.66171875,0.9004256725
0.597265625,0.7835547924
0.721484375,0.8896679878
0.465234375,0.0635836422
0.541796875,0.8067727089
0.648046875,0.7307160497
0.433984375,0.5672562718
0.40859375,0.1097390652
0.69921875,0.6641508937
0.457421875,0.3049184084
0.4921875,0.659234643
0.321875,0.4093004167
0.5671875,0.6130106449
0.46171875,0.6316443682
0.7171875,0.8996520042
0.541015625,0.462090075
0.28046875,0.4130489826
0.710546875,0.8922257423
0.555859375,0.7661237717
0.41015625,0.6512387395
0.5015625,0.6863470674
0.444140625,0.4025871158
0.36796875,0.188610509
0.597265625,0.8945667148
0.4078125,0.0946572497
0.512109375,0.5104703903
0.427734375,0.4024290144
0.508203125,0.0411230959
0.533984375,0.7682658434
0.4671875,0.1511086524
0.64140625,0.873688221
0.4609375,0.4904932976
0.4453125,0.2370554805
0.3984375,0.5070551634
0.3578125,0.4716329575
0.4484375,0.013643451
0.45078125,0.7961745262
0.361328125,0.5929818153
0.4515625,0.539763391
0.392578125,0.0483970828
0.626953125,0.5890510082
0.67265625,0.8747975826
0.559765625,0.821604073
0.50703125,0.4284181297
0.558984375,0.7655494809
0.361328125,0.7411307693
0.460546875,0.2050349116
0.340234375,0.0216226056
0.453515625,0.0967108384
0.7140625,0.8996831179
0.41015625,0.7748054266
0.41640625,0.6931553483
0.5484375,0.7533564568
0.384375,0.058916159
0.4484375,0.3103681505
0.34765625,0
0.4921875,0.0075348732
0.44453125,0.4332480133
0.472265625,0.8421913981
0.434765625,0.6328347325
0.365625,0
0.550390625,0.7750849724
0.438671875,0.0231649335
0.351171875,0.1244027019
0.627734375,0.8333002925
0.354296875,0.4008251727
0.719140625,0.9031560421
0.635546875,0.794929266
0.438671875,0.5684517026
0.332421875,0.4464954734
0.532421875,0.5439581871
0.516796875,0.4450356364
0.467578125,0.2992513776
0.530078125,0.5279554725
0.416015625,0.1600137502
0.600390625,0.7924937606
0.6328125,0.8735768795
0.475390625,0.7327804565
0.437890625,0.6118783355
0.419921875,0.1620949805
0.52578125,0.7010834813
0.727734375,0.8996691704
0.5421875,0.871812582
0.37578125,0.5539507866
0.630859375,0.5960115194
0.38984375,0.705126822
0.383203125,0.0203407705
0.559375,0.7640212178
0.588671875,0.6520680785
0.34296875,0.03240918
0.44296875,0.8406108618
0.387109375,0
0.427734375,0.6980136037
0.5328125,0.621237874
0.409375,0.5343214273
0.4921875,0.5402770042
0.41953125,0.7124868631
0.6984375,0.5838298202
0.483203125,0.420617342
0.3796875,0.5386256576
0.46484375,0.6972586513
0.391796875,0.3230490685
0.36640625,0.0053738193
0.475390625,0.0131528331
0.542578125,0.1526743323
0.46015625,0.7956122756
0.405859375,0.4286428094
0.42734375,0.5509210825
0.41328125,0.1054773182
0.48125,0.4535229504
0.3359375,0.3009412885
0.73125,0.9027121663
0.4640625,0.3000009358
0.453515625,0.5331521034
0.393359375,0.1271528751
0.444921875,0.0780790597
0.347265625,0.2445903569
0.55234375,0.3568923473
0.55390625,0.8356544375
0.724609375,0.9010752439
0.44765625,0.3538427353
0.60546875,0.7945850492
0.499609375,0.5892270207
0.51953125,0.0501341037
0.55,0.7722222805
0.45390625,0.4640595317
0.462890625,0.6051588058
0.465234375,0.7145614624
0.440625,0.6010162234
0.5625,0.8884304762
0.365234375,0.34103176
0.364453125,0.3822323382
0.469921875,0.1751917303
0.650390625,0.8663468361
0.34453125,0.8505836129
0.456640625,0.5229285955
0.355859375,0.0523695312
0.671484375,0.7606744766
0.484765625,0.4460480511
0.321875,0.4059330523
0.4578125,0.0297789257
0.4640625,0.3088772297
0.547265625,0.7065496445
0.42421875,0.3684779108
0.418359375,0.2591029108
0.7234375,0.8998023272
0.457421875,0.7526353598
0.37578125,0.4256777167
0.364453125,0.0393362343
0.541796875,0.7695939541
0.513671875,0.8971797824
0.6703125,0.8490521908
0.3890625,0.0322425254
0.3890625,0.0016256573
0.448828125,0.2065079212
0.40546875,0.0485746376
0.483984375,0.0713260546
0.441796875,0.8120086193
0.45390625,0.3237756491
0.54375,0.7250092626
0.410546875,0
0.52421875,0.6824603081
0.31953125,0.0001358933
0.719140625,0.8995881677
0.30703125,0.338552177
0.516015625,0.6249396801
0.48515625,0.7611362338
0.45546875,0.481110841
0.43984375,0.593272984
0.7203125,0.9001013637
0.41328125,0.6205832958
0.4703125,0.134765625
0.412890625,0.0535793267
0.355859375,0.6512749195
0.47578125,0.2518110275
0.429296875,0.0183323529
0.53046875,0.6988258958
0.53359375,0.7763329744
0.474609375,0.2376625389
0.4984375,0.3694431782
0.498828125,0.4572438598
0.5234375,0.7479362488
0.599609375,0.6901925802
0.357421875,0.1343127787
0.686328125,0.8983203173
0.4640625,0.3505894542
0.47890625,0.3683190346
0.44765625,0.7524048686
0.281640625,0.1845080256
0.581640625,0.8941975832
0.46328125,0.4921438992
0.55234375,0.7576014996
0.482421875,0.5728574991
0.415625,0.4243600368
0.479296875,0.4241910577
0.409375,0.6435344815
0.426171875,0.6210303307
0.698046875,0.275947839
0.46015625,0.2896274924
0.722265625,0.8869687319
0.43203125,6.65838088025339E-005
0.431640625,0.2368160188
0.360546875,0.4472640753
0.442578125,0.43535918
0.46484375,0.7001789808
0.41953125,0.7438104153
0.27109375,0.2819516659
0.42578125,0.5247715116
0.421875,0.3198444843
0.427734375,0.5301901102
0.603125,0.8219946623
0.346484375,0.6581245065
0.4484375,0.2097510695
0.448828125,0.3821054101
0.440234375,0.6164566278
0.437890625,0.4310557842
0.46796875,0.170749709
0.4765625,0.6864498258
0.3484375,0.0016034627
0.3859375,0.4278161526
0.575,0.6167662144
0.408984375,0.5117682219
0.45546875,0.6385336518
0.290625,0.7259118557
0.721484375,0.901022613
0.39140625,0.5472316742
0.340234375,0.0987523496
0.424609375,0.4432943761
0.41484375,0.1575205475
0.480859375,0.8201085329
0.54375,0.7518838644
0.73203125,0.8996072412
0.483984375,0.6878204942
0.359375,0.1728749275
0.417578125,0.1410435885
0.718359375,0.8998109102
0.5828125,0.8248767853
0.430859375,0.3914847374
0.722265625,0.9002816081
0.4203125,0.0577741079
0.655078125,0.8342152834
0.462890625,0.3298075199
0.56171875,0.8705198169
0.423046875,0.0043859649
0.39609375,0.4347354472
0.71875,0.562202096
0.458203125,0.1696855277
0.426171875,0.2137130052
0.456640625,0.5643963218
0.678515625,0.8697457314
0.302734375,0.6356752515
0.386328125,0.3816770613
0.484375,0.5185177326
0.40703125,0
0.498828125,0.7173833251
0.741015625,0.8058291674
0.359375,0.4216273725
0.41484375,0.3072834909
0.690625,0.679941833
0.5546875,0.6702657342
0.33125,0.2787770629
0.31015625,0.3487336636
0.5734375,0.6475049853
0.377734375,0.0794605762
0.496875,0.126486659
0.5359375,0.5529158711
0.4859375,0.1194381118
0.52265625,0
0.365234375,0.007626377
0.458203125,0.0216311719
0.492578125,0.694863975
0.359765625,0.1558053344
0.43515625,8.87784117367119E-005
0.448828125,0.3281145096
0.442578125,0.0343338847
0.5875,0.7668644786
0.625390625,0.8339185715
0.427734375,0.0610978454
0.546875,0.7551484108
0.458984375,0.4472193122
0.365625,0.1123716682
0.59609375,0.82055825
0.424609375,0.4536705017
0.4546875,0.0437969603
0.4140625,0.4133433104
0.456640625,0.508155942
0.337109375,0.0885432288
0.44765625,0.2455474585
0.4484375,0.1018841267
0.56640625,0.4435961246
0.659375,0.8769114614
0.425390625,0.1844554394
0.4078125,0.371221453
0.391015625,0.5979872346
0.598828125,0.8207688928
0.51796875,0.5919744372
0.472265625,0.2055866569
0.379296875,0.0115353521
0.584375,0.7683768272
0.344140625,0.4104720652
0.45234375,0.5260175467
0.71953125,0.9010308385
0.409375,0.5948963165
0.396484375,0.0497369356
0.31328125,0.3276713789
0.396484375,0.2146331072
0.572265625,0.6680431366
0.559375,0.6167159677
0.390234375,0.7129973173
0.58046875,0.2121114731
0.491796875,0.582484901
0.7171875,0.8977568746
0.651953125,0.2292940021
0.458203125,0.0373332687
0.494921875,0.7346892357
0.707421875,0.9012254477
0.45078125,0.5488195419
0.480859375,0.890516758
0.396484375,0.1793094128
0.416796875,0.0849535465
0.66015625,0.8678280711
0.5484375,0.4407337904
0.545703125,0.7691858411
0.441796875,0.0124951722
0.46640625,0.1932215244
0.46796875,0.65022403
0.516015625,0.6009998322
0.53359375,0.0094268657
0.383984375,0.0056596235
0.3734375,0.3403460681
0.670703125,0.8426246643
0.483203125,0.6620502472
0.477734375,0.6822106838
0.473046875,0.681275785
0.445703125,0.2880150676
0.44140625,0.1338081509
0.419140625,0.1801302284
0.45078125,0.3552670479
0.367578125,0.0155081861
0.37265625,0.2431944311
0.446875,0.3431624472
0.497265625,0.8526290059
0.384375,0.0782760829
0.3578125,0.3984285295
0.402734375,0.1763793379
0.40390625,0.5040612221
0.43125,0.3172804117
0.445703125,0.1046892107
0.316796875,0.3518794477
0.724609375,0.8993747234
0.341796875,0
0.7296875,0.8987197876
0.591796875,0.7790830731
0.428125,0.5269290805
0.467578125,0.5863802433
0.423046875,0.7123789787
0.448046875,0.0088692755
0.500390625,0.0452119634
0.4734375,0.6534445286
0.380078125,0.1974198222
0.325390625,0.4759722352
0.43671875,0.6702921987
0.311328125,0.216101855
0.303125,0.2774041295
0.41484375,0.220310241
0.346875,0.3054744303
0.40078125,0.4186334312
0.575390625,0.7921600342
0.72265625,0.9025427699
0.7296875,0.8983176351
0.4203125,0.6818084717
0.348046875,0.0001997514
0.457421875,0.2226258963
0.577734375,0.8080708385
0.43828125,0.607306242
0.67578125,0.6170547605
0.63984375,0.8470908999
0.405078125,0.2537898123
0.357421875,0.3424966037
0.70703125,0.89905864
0.552734375,0.6704673767
0.46953125,0.0695224553
0.3875,0.1561962664
0.7265625,0.8995717764
0.44921875,0.5739789009
0.494140625,0.6632043719
0.519921875,0.4810049534
0.419921875,0.3142549396
0.452734375,0.1235741004
0.498046875,0.1614890993
0.39765625,0.0421241894
0.68203125,0.7820093036
0.36328125,0.0302088019
0.5203125,0.3148736656
0.416015625,0.1718991548
0.3765625,0.383677721
0.412109375,0.5569949746
0.55546875,0.6376653314
0.529296875,0.6283292174
0.517578125,0.1553501487
0.565625,0.8857114315
0.582421875,0.8411337733
0.4484375,0.4590369761
0.519140625,0.0673898235
0.434375,0.5556941032
0.55390625,0.7703318596
0.547265625,0.8033347726
0.36953125,0.3419027925
0.40703125,0.3185318708
0.484765625,0.0120816519
0.32421875,0.4430918694
0.428515625,0.2660494447
0.426171875,0.0125952419
0.49921875,0.5150117874
0.657421875,0.8282702565
0.45703125,0.1817387491
0.5015625,0.6617453098
0.467578125,0.8897983432
0.48984375,0.666400373
0.565625,0.6013662815
0.42734375,0.8370757103
0.40859375,0.8208712935
0.442578125,0.0516900606
0.48671875,0.5954948068
0.3234375,0.3160460591
0.461328125,0.5609226227
0.41953125,0.5642849207
0.540234375,0.821662128
0.4796875,0.0568248034
0.377734375,0.1136305258
0.497265625,0.2569519877
0.422265625,0.5025165677
0.484765625,0.6221178174
0.339453125,0.4699609578
0.28125,0.2913664579
0.4140625,0.3263066113
0.523828125,0.7638155818
0.728515625,0.7777292132
0.451953125,0.0052628466
0.326953125,0.1308180988
0.451953125,0.0261028018
0.277734375,0.6954445243
0.46171875,0.3417836428
0.43984375,0.3139687479
0.44140625,0.5231992006
0.65703125,0.895598948
0.41328125,0.0247660615
0.525390625,0.592862606
0.457421875,0.7139466405
0.45546875,0.268571049
0.52421875,0.6330258846
0.696484375,0.8725453615
0.475,0.6490395069
0.486328125,0.5717898011
0.60625,0.7307803035
0.453125,0.5716196299
0.723046875,0.8398694396
0.571875,0.8406825066
0.5515625,0.7353683114
0.72734375,0.899163723
0.68125,0.684497118
0.52265625,0.6084210277
0.4078125,0.5294343233
0.48984375,0.2446094453
0.578125,0.8308448195
0.426171875,0.8812892437
0.3953125,0.407969147
0.651171875,0.8771945834
0.721875,0.8995994329
0.464453125,0.2865292132
0.45,0.1942012161
0.401171875,0.0548557118
0.475390625,0.3277453482
0.460546875,0.4154802263
0.337890625,0.2819621861
0.45703125,0.5375856161
0.45,0.617913723
0.452734375,0.5068009496
0.53984375,0.5045051575
0.449609375,0.0271876119
0.45390625,0.6002347469
0.376953125,0.3890565932
0.377734375,0.5990003943
0.401171875,0.4667057693
0.310546875,0
0.48671875,0.0843009427
0.45234375,0.404494673
0.72109375,0.9043183327
0.658984375,0.8538274765
0.386328125,0.0599153042
0.7171875,0.8999105096
0.449609375,0.4124411345
0.41796875,0.7097175717
0.406640625,0.5418804288
0.40703125,0.236344859
0.357421875,0.1429601014
0.3625,0.44622913
0.566015625,0.8525289297
0.4859375,0.2621202171
0.448046875,0.0764506757
0.409765625,0.5634504557
0.715625,0.8156251907
0.35703125,0.1607679725
0.569921875,0.7199854851
0.434765625,0.2788798809
0.381640625,0.5527074933
0.429296875,0.413489759
0.343359375,0.8793556094
0.45390625,0.0001331676
0.43671875,0.0547969192
0.6671875,0.7749444246
0.44609375,0.4970387816
0.570703125,0.7979726791
0.28984375,0.2028785199
0.275390625,0.1124744564
0.45703125,0.1936521977
0.4078125,0.538980782
0.45,0.280256331
0.414453125,0.4107356668
0.462890625,0.6149587035
0.46640625,0.3423933983
0.5859375,0.3678478897
0.540234375,0.7469480634
0.42890625,0.4661812782
0.723046875,0.900267601
0.7140625,0.9008088708
0.4484375,0.2099477053
0.597265625,0.8194453716
0.381640625,0.1275944263
0.359375,0.113789387
0.418359375,0.4123916626
0.4296875,0.1996050179
0.49453125,0.8671703339
0.728125,0.9016546011
0.431640625,0.2236799449
0.444921875,0.1559307128
0.459375,0.516161561
0.341796875,0.6193259954
0.474609375,0.0315069929
0.5265625,0.485099256
0.721484375,0.9004844427
0.460546875,0.1797688752
0.44453125,0.2915856838
0.43515625,0.4645088911
0.275390625,0.4658985734
0.488671875,0.2313678265
0.616796875,0.7519675493
0.393359375,0.386454761
0.3625,0.0824622959
0.453125,0.0489877686
0.43828125,0.4282550216
0.474609375,0.1352426112
0.546875,0.6598424315
0.418359375,0.8114549518
0.511328125,0.6246534586
0.3265625,0.686093986
0.69921875,0.5452147126
0.383984375,0.004108727
0.419140625,0.5785062313
0.39453125,0.5120030046
0.465625,0.3470102847
0.68359375,0.8651043773
0.4421875,0.6513146162
0.46328125,0.8466415405
0.66484375,0.7355602384
0.41640625,0.1560264975
0.455859375,0.6158900857
0.555859375,0.8696511388
0.4375,0.4413774312
0.50078125,0.4458969831
0.485546875,0.6428000927
0.558984375,0.8326702118
0.36640625,2.2194602934178E-005
0.58828125,0.71600914
0.398828125,0.2707768977
0.353515625,0.2857216299
0.3109375,0.2827171981
0.444921875,0.0169703048
0.44921875,0.6719902754
0.363671875,0.1546149999
0.355078125,0
0.512109375,0.6062078476
0.475,0.7315146327
0.730859375,0.7702940106
0.38359375,0.4286291897
0.605078125,0.7751402855
0.720703125,0.9012870193
0.61953125,0.8484276533
0.49375,0.6311179399
0.502734375,0.5968767405
0.445703125,0.3118439019
0.613671875,0.3201719522
0.533984375,0.7052841187
0.42578125,0.4859921038
0.461328125,0.4457910359
0.525,0.3463588655
0.209375,0.1956765652
0.414453125,0.7771105766
0.403515625,0.4307240248
0.336328125,0.1228163689
0.371875,0.5668233037
0.39375,0.1220726594
0.57109375,0.45798406
0.394140625,0.3055550456
0.48046875,0.604737103
0.39921875,0.4229664505
0.496875,0.0357741974
0.51328125,0.668803215
0.51640625,0.6745582223
0.318359375,0.335539192
0.319140625,0.284958452
0.456640625,0.1890910119
0.429296875,0.0690478012
0.507421875,0.4777450562
0.33828125,0.0715951174
0.314453125,0.5349308252
0.52421875,0.8219985366
0.353125,0.5323562622
0.308203125,0.1697182357
0.455859375,0.4716586769
0.631640625,0.8509799838
0.4515625,0.0322316252
0.42265625,0.498799175
0.534375,0.783806622
0.3734375,0.1212070659
0.4484375,0.0098096253
0.680859375,0.8995410204
0.6734375,0.7054671049
0.45546875,0.5506971478
0.451953125,0.3909887075
0.68046875,0.5694180727
0.58984375,0.8342320323
0.55390625,0.8171126246
0.728125,0.9007866979
0.390625,0.3792419136
0.327734375,0.4808709919
0.429296875,0.0031598106
0.397265625,0.0695310235
0.541015625,0.5214898586
0.425390625,0.7882401943
0.280078125,0.4158922136
0.374609375,0
0.34921875,0.0023553537
0.441796875,0.312459141
0.43203125,0.8452487588
0.7203125,0.888346374
0.43984375,0.0034678094
0.340625,0.4889883697
0.34921875,0
0.42734375,0.1797607094
0.446484375,0.1707165986
0.341015625,0.8863048553
0.306640625,0.1710024029
0.394140625,0.4496023059
0.42734375,0.0043112044
0.5921875,0.7251455784
0.4078125,0.5153805017
0.4234375,0.1647190005
0.4453125,0.0591887236
0.55859375,0.8067387938
0.45625,0.0964110121
0.655859375,0.8992692232
0.419921875,0.8682228923
0.403125,0.453802526
0.516796875,0.5153439045
0.42265625,0.450611949
0.487109375,0.6406639218
0.4578125,0.5895166993
0.518359375,0.5025687218
0.46796875,0.0709491372
0.41953125,0.4717408121
0.472265625,0.4588738084
0.423828125,0.2180767804
0.676953125,0.8451467156
0.400390625,0.3170900047
0.4421875,0.4113660455
0.64453125,0.5555270314
0.722265625,0.9013637304
0.721875,0.7240331173
0.4328125,0.1096970215
0.440625,0
0.446484375,0.620028019
0.48828125,0.6146094203
0.414453125,0.8050527573
0.295703125,0.0691151619
0.75390625,0.3848586977
0.489453125,0.7767133713
0.554296875,0.7900464535
0.734765625,0.8106675744
0.340625,0.2321948707
0.596875,0.8103619814
0.72265625,0.9010720849
0.369140625,0.4485984743
0.350390625,0.3587484956
0.271484375,0.4104327559
0.724609375,0.9000849724
0.519140625,0.6138088703
0.618359375,0.5292404294
0.717578125,0.9035224319
0.725390625,0.8995605111
0.401953125,0.5159349442
0.548046875,0.7237045169
0.41875,0.4746907651
0.48984375,0.1250249296
0.44296875,0.3225693703
0.43203125,0.4845841229
0.4328125,0.0629645362
0.69609375,0.8989339471
0.7203125,0.900708735
0.534375,0.7534098625
0.371484375,0.1783324629
0.48984375,0.1510085762
0.54765625,0.8838992715
0.7171875,0.8704115748
0.5796875,0.7604533434
0.426171875,0.6283373833
0.424609375,0.0552992187
0.5234375,0.6170076132
0.4953125,0.6128693223
0.422265625,0.3934160769
0.608203125,0.7431278229
0.57265625,0.7954035997
0.271484375,0.3381269872
0.543359375,0.7829080224
0.501953125,0.7025020123
0.42265625,0.2282859087
0.53515625,0.6121606231
0.42890625,0.5315957665
0.64609375,0.8095578551
0.398828125,0.5464140177
0.4125,0.0013538707
0.448828125,0.2082722038
0.38828125,0.6383962035
0.5625,0.6652594805
0.44296875,0.2256980836
0.534765625,0.5245270133
0.41484375,0.6518823504
0.58671875,0.7066738009
0.362890625,0.4401256144
0.49140625,0.5876636505
0.36484375,0.002510716
0.54453125,0.7699027658
0.4125,0.720923543
0.3375,0.7295950055
0.475390625,0.0223994162
0.45,0.3331561983
0.434375,0.1456125528
0.483203125,0.6867325902
0.614453125,0.81717062
0.462890625,0.6123962402
0.4015625,0.5376961827
0.42734375,0.3870263696
0.42578125,0.0959005356
0.7203125,0.8994639516
0.417578125,0.3792742193
0.590625,0.6786350012
0.46875,0.4319692552
0.415234375,0.5192649364
0.54375,0.7766717076
0.521484375,0.4948832095
0.33046875,0.1779333502
0.417578125,0.824137032
0.36875,0.0328495689
0.676171875,0.80569911
0.43984375,0.5111977458
0.3734375,0.2163307965
0.391015625,0.1613648832
0.581640625,0.6748506427
0.448828125,0.4384754002
0.486328125,0.6513975859
0.393359375,0.5214867592
0.592578125,0.8204939961
0.586328125,0.4478719234
0.538671875,0.2767830491
0.420703125,0.5051020384
0.44609375,0.4686203599
0.44765625,0.013368939
0.528515625,0.7896636724
0.710546875,0.8993245363
0.51171875,0.6921515465
0.39140625,0.4333145916
0.355078125,0.8867791295
0.505078125,0.748701036
0.342578125,0.1008250192
0.3609375,0.4915442467
0.6640625,0.8348725438
0.4890625,0.48786816
0.439453125,0.0011704733
0.462109375,0.8241864443
0.42421875,0.0411480181
0.499609375,0.738591671
0.391796875,0.0402629562
0.368359375,0
0.441796875,0.2951816022
0.396484375,0.3977576792
0.44921875,0.0096016973
0.458203125,0.4377025068
0.275,0.3872787058
0.369921875,0.5724393129
0.554296875,0.7191947103
0.35859375,0.3687380254
0.598046875,0.7940578461
0.38359375,0.292886585
0.435546875,0.1315828562
0.538671875,0.4876162112
0.28984375,0.4839615226
0.330078125,0.6104208827
0.40703125,0.5858821869
0.499609375,0.2906145751
0.55390625,0.3396015763
0.332421875,0.3624877036
0.434765625,0.0282085631
0.728515625,0.8984145522
0.727734375,0.9002431035
0.440625,0.2772016525
0.448046875,2.2194602934178E-005
0.46328125,0.3508308828
0.453125,0.0327308066
0.495703125,0.6904176474
0.403515625,0.7962438464
0.583203125,0.8548668623
0.554296875,0.8577216864
0.610546875,0.5238121152
0.471484375,0.4977424145
0.495703125,0.6963236928
0.55625,0.7187811732
0.468359375,0.0525529236
0.389453125,0.3865073621
0.50703125,0.4584575593
0.514453125,0.7244906425
0.4328125,0.5718431473
0.54140625,0.7242352366
0.379296875,0.383705765
0.723046875,0.8996379375
0.575390625,0.5803098679
0.477734375,0.0734874979
0.3921875,0.4809547067
0.428125,0.3274883628
0.4953125,0.3490603566
0.35703125,0.4695692658
0.4515625,0.2238278836
0.34921875,0.2703131437
0.471875,4.43892058683559E-005
0.428125,0.631170094
0.421484375,0.225331679
0.6203125,0.8181721568
0.470703125,0.3324428499
0.396875,0.5569891334
0.56484375,0.6619400382
0.603125,0.813988626
0.452734375,0.0729462653
0.573046875,0.7826997042
0.52265625,0.1028727666
0.3578125,0.2602729797
0.522265625,0.1680349559
0.581640625,0.7788300514
